,SYMBOL,Name of Company
0,20MICRONS,20 Microns Limited
1,21STCENMGM,21st Century Management Services Limited
2,360ONE,360 ONE WAM LIMITED
3,3IINFOLTD,3i Infotech Limited
4,3MINDIA,3M India Limited
5,3PLAND,3P Land Holdings Limited
6,5PAISA,5Paisa Capital Limited
7,63MOONS,63 moons technologies limited
8,A2ZINFRA,A2Z Infra Engineering Limited
9,AAATECH,AAA Technologies Limited
10,AADHARHFC,Aadhar Housing Finance Limited
11,AAKASH,Aakash Exploration Services Limited
12,AAREYDRUGS,Aarey Drugs & Pharmaceuticals Limited
13,AARON,Aaron Industries Limited
14,AARTECH,Aartech Solonics Limited
15,AARTIDRUGS,Aarti Drugs Limited
16,AARTIIND,Aarti Industries Limited
17,AARTIPHARM,Aarti Pharmalabs Limited
18,AARTISURF,Aarti Surfactants Limited
19,AARVEEDEN,Aarvee Denims & Exports Limited
20,AARVI,Aarvi Encon Limited
21,AAVAS,Aavas Financiers Limited
22,ABAN,Aban Offshore Limited
23,ABB,ABB India Limited
24,ABBOTINDIA,Abbott India Limited
25,ABCAPITAL,Aditya Birla Capital Limited
26,ABDL,Allied Blenders and Distillers Limited
27,ABFRL,Aditya Birla Fashion and Retail Limited
28,ABMINTLLTD,ABM International Limited
29,ABSLAMC,Aditya Birla Sun Life AMC Limited
30,ACC,ACC Limited
31,ACCELYA,Accelya Solutions India Limited
32,ACCURACY,Accuracy Shipping Limited
33,ACE,Action Construction Equipment Limited
34,ACEINTEG,Ace Integrated Solutions Limited
35,ACI,Archean Chemical Industries Limited
36,ACL,Andhra Cements Limited
37,ACLGATI,Allcargo Gati Limited
38,ADANIENSOL,Adani Energy Solutions Limited
39,ADANIENT,Adani Enterprises Limited
40,ADANIGREEN,Adani Green Energy Limited
41,ADANIPORTS,Adani Ports and Special Economic Zone Limited
42,ADANIPOWER,Adani Power Limited
43,ADFFOODS,ADF Foods Limited
44,ADL,Archidply Decor Limited
45,ADORWELD,Ador Welding Limited
46,ADROITINFO,Adroit Infotech Limited
47,ADSL,Allied Digital Services Limited
48,ADVANIHOTR,Advani Hotels & Resorts (India) Limited
49,ADVENZYMES,Advanced Enzyme Technologies Limited
50,AEGISLOG,Aegis Logistics Limited
51,AEROFLEX,Aeroflex Industries Limited
52,AETHER,Aether Industries Limited
53,AFFLE,Affle (India) Limited
54,AFIL,Akme Fintrade (India) Limited
55,AGARIND,Agarwal Industrial Corporation Limited
56,AGI,AGI Greenpac Limited
57,AGIIL,Agi Infra Limited
58,AGRITECH,Agri-Tech (India) Limited
59,AGROPHOS,Agro Phos India Limited
60,AGSTRA,AGS Transact Technologies Limited
61,AHL,Abans Holdings Limited
62,AHLADA,Ahlada Engineers Limited
63,AHLEAST,Asian Hotels (East) Limited
64,AHLUCONT,Ahluwalia Contracts (India) Limited
65,AIAENG,AIA Engineering Limited
66,AIIL,Authum Investment & Infrastructure Limited
67,AIRAN,Airan Limited
68,AIROLAM,Airo Lam limited
69,AJANTPHARM,Ajanta Pharma Limited
70,AJMERA,Ajmera Realty & Infra India Limited
71,AJOONI,Ajooni Biotech Limited
72,AKASH,Akash Infra-Projects Limited
73,AKG,Akg Exim Limited
74,AKI,AKI India Limited
75,AKSH-RE,Akshar Spintex Ltd-RE
76,AKSHAR,Akshar Spintex Limited
77,AKSHARCHEM,AksharChem India Limited
78,AKSHOPTFBR,Aksh Optifibre Limited
79,AKUMS,Akums Drugs and Pharmaceuticals Limited
80,AKZOINDIA,Akzo Nobel India Limited
81,ALANKIT,Alankit Limited
82,ALBERTDAVD,Albert David Limited
83,ALEMBICLTD,Alembic Limited
84,ALICON,Alicon Castalloy Limited
85,ALKALI,Alkali Metals Limited
86,ALKEM,Alkem Laboratories Limited
87,ALKYLAMINE,Alkyl Amines Chemicals Limited
88,ALLCARGO,Allcargo Logistics Limited
89,ALLSEC,Allsec Technologies Limited
90,ALMONDZ,Almondz Global Securities Limited
91,ALOKINDS,Alok Industries Limited
92,ALPA,Alpa Laboratories Limited
93,ALPHAGEO,Alphageo (India) Limited
94,ALPSINDUS,Alps Industries Limited
95,AMBER,Amber Enterprises India Limited
96,AMBICAAGAR,Ambica Agarbathies & Aroma industries Limited
97,AMBIKCO,Ambika Cotton Mills Limited
98,AMBUJACEM,Ambuja Cements Limited
99,AMDIND,AMD Industries Limited
100,AMIORG,Ami Organics Limited
101,AMJLAND,Amj Land Holdings Limited
102,AMNPLST,Amines & Plasticizers Limited
103,AMRUTANJAN,Amrutanjan Health Care Limited
104,ANANDRATHI,Anand Rathi Wealth Limited
105,ANANTRAJ,Anant Raj Limited
106,ANDHRAPAP,ANDHRA PAPER LIMITED
107,ANDHRSUGAR,The Andhra Sugars Limited
108,ANGELONE,Angel One Limited
109,ANIKINDS,Anik Industries Limited
110,ANMOL,Anmol India Limited
111,ANTGRAPHIC,Antarctica Limited
112,ANUP,The Anup Engineering Limited
113,ANURAS,Anupam Rasayan India Limited
114,APARINDS,Apar Industries Limited
115,APCL,Anjani Portland Cement Limited
116,APCOTEXIND,Apcotex Industries Limited
117,APEX,Apex Frozen Foods Limited
118,APLAPOLLO,APL Apollo Tubes Limited
119,APLLTD,Alembic Pharmaceuticals Limited
120,APOLLO,Apollo Micro Systems Limited
121,APOLLOHOSP,Apollo Hospitals Enterprise Limited
122,APOLLOPIPE,Apollo Pipes Limited
123,APOLLOTYRE,Apollo Tyres Limited
124,APOLSINHOT,Apollo Sindoori Hotels Limited
125,APTECHT,Aptech Limited
126,APTUS,Aptus Value Housing Finance India Limited
127,ARCHIDPLY,Archidply Industries Limited
128,ARCHIES,Archies Limited
129,ARE&M,Amara Raja Energy & Mobility Limited
130,ARENTERP,Rajdarshan Industries Limited
131,ARIES,Aries Agro Limited
132,ARIHANTCAP,Arihant Capital Markets Limited
133,ARIHANTSUP,Arihant Superstructures Limited
134,ARKADE,Arkade Developers Limited
135,ARMANFIN,Arman Financial Services Limited
136,AROGRANITE,Aro Granite Industries Limited
137,ARROWGREEN,Arrow Greentech Limited
138,ARSSINFRA,ARSS Infrastructure Projects Limited
139,ARTEMISMED,Artemis Medicare Services Limited
140,ARTNIRMAN,Art Nirman Limited
141,ARVEE,Arvee Laboratories (India) Limited
142,ARVIND,Arvind Limited
143,ARVINDFASN,Arvind Fashions Limited
144,ARVSMART,Arvind SmartSpaces Limited
145,ASAHIINDIA,Asahi India Glass Limited
146,ASAHISONG,Asahi Songwon Colors Limited
147,ASAL,Automotive Stampings and Assemblies Limited
148,ASALCBR,Associated Alcohols & Breweries Ltd.
149,ASHAPURMIN,Ashapura Minechem Limited
150,ASHIANA,Ashiana Housing Limited
151,ASHIMASYN,Ashima Limited
152,ASHOKA,Ashoka Buildcon Limited
153,ASHOKAMET,Ashoka Metcast Limited
154,ASHOKLEY,Ashok Leyland Limited
155,ASIANENE,Asian Energy Services Limited
156,ASIANHOTNR,Asian Hotels (North) Limited
157,ASIANPAINT,Asian Paints Limited
158,ASIANTILES,Asian Granito India Limited
159,ASKAUTOLTD,ASK Automotive Limited
160,ASMS,Bartronics India Limited
161,ASPINWALL,Aspinwall and Company Limited
162,ASTEC,Astec LifeSciences Limited
163,ASTERDM,Aster DM Healthcare Limited
164,ASTRAL,Astral Limited
165,ASTRAMICRO,Astra Microwave Products Limited
166,ASTRAZEN,AstraZeneca Pharma India Limited
167,ASTRON,Astron Paper & Board Mill Limited
168,ATALREAL,Atal Realtech Limited
169,ATAM,Atam Valves Limited
170,ATFL,Agro Tech Foods Limited
171,ATGL,Adani Total Gas Limited
172,ATL,Allcargo Terminals Limited
173,ATLANTAA,ATLANTAA LIMITED
174,ATUL,Atul Limited
175,ATULAUTO,Atul Auto Limited
176,AUBANK,AU Small Finance Bank Limited
177,AURIONPRO,Aurionpro Solutions Limited
178,AUROPHARMA,Aurobindo Pharma Limited
179,AURUM,Aurum PropTech Limited
180,AUSOMENT,Ausom Enterprise Limited
181,AUTOAXLES,Automotive Axles Limited
182,AUTOIND,Autoline Industries Limited
183,AVADHSUGAR,Avadh Sugar & Energy Limited
184,AVALON,Avalon Technologies Limited
185,AVANTEL,Avantel Limited
186,AVANTIFEED,Avanti Feeds Limited
187,AVG,AVG Logistics Limited
188,AVONMORE,Avonmore Capital & Management Services Limited
189,AVROIND,AVRO INDIA LIMITED
190,AVTNPL,AVT Natural Products Limited
191,AWFIS,Awfis Space Solutions Limited
192,AWHCL,Antony Waste Handling Cell Limited
193,AWL,Adani Wilmar Limited
194,AXISBANK,Axis Bank Limited
195,AXISCADES,AXISCADES Technologies Limited
196,AXITA,Axita Cotton Limited
197,AYMSYNTEX,AYM Syntex Limited
198,AZAD,Azad Engineering Limited
199,BAFNAPH,Bafna Pharmaceuticals Limited
200,BAGFILMS,B.A.G Films and Media Limited
201,BAIDFIN,Baid Finserv Limited
202,BAJAJ-AUTO,Bajaj Auto Limited
203,BAJAJCON,Bajaj Consumer Care Limited
204,BAJAJELEC,Bajaj Electricals Limited
205,BAJAJFINSV,Bajaj Finserv Limited
206,BAJAJHCARE,Bajaj Healthcare Limited
207,BAJAJHFL,Bajaj Housing Finance Limited
208,BAJAJHIND,Bajaj Hindusthan Sugar Limited
209,BAJAJHLDNG,Bajaj Holdings & Investment Limited
210,BAJEL,Bajel Projects Limited
211,BAJFINANCE,Bajaj Finance Limited
212,BALAJEE,Shree Tirupati Balajee Agro Trading Company Limited
213,BALAJITELE,Balaji Telefilms Limited
214,BALAMINES,Balaji Amines Limited
215,BALAXI,BALAXI PHARMACEUTICALS LIMITED
216,BALKRISHNA,Balkrishna Paper Mills Limited
217,BALKRISIND,Balkrishna Industries Limited
218,BALMLAWRIE,Balmer Lawrie & Company Limited
219,BALPHARMA,Bal Pharma Limited
220,BALRAMCHIN,Balrampur Chini Mills Limited
221,BALUFORGE,Balu Forge Industries Limited
222,BANARBEADS,Banaras Beads Limited
223,BANARISUG,Bannari Amman Sugars Limited
224,BANCOINDIA,Banco Products (I) Limited
225,BANDHANBNK,Bandhan Bank Limited
226,BANG,Bang Overseas Limited
227,BANKA,Banka BioLoo Limited
228,BANKBARODA,Bank of Baroda
229,BANKINDIA,Bank of India
230,BANSALWIRE,Bansal Wire Industries Limited
231,BANSWRAS,Banswara Syntex Limited
232,BARBEQUE,Barbeque Nation Hospitality Limited
233,BASF,BASF India Limited
234,BASML,Bannari Amman Spinning Mills Limited
235,BATAINDIA,Bata India Limited
236,BAYERCROP,Bayer Cropscience Limited
237,BBL,Bharat Bijlee Limited
238,BBOX,Black Box Limited
239,BBTC,Bombay Burmah Trading Corporation Limited
240,BBTCL,B&B Triplewall Containers Limited
241,BCLIND,Bcl Industries Limited
242,BCONCEPTS,Brand Concepts Limited
243,BDL,Bharat Dynamics Limited
244,BEARDSELL,Beardsell Limited
245,BECTORFOOD,Mrs. Bectors Food Specialities Limited
246,BEDMUTHA,Bedmutha Industries Limited
247,BEL,Bharat Electronics Limited
248,BEML,BEML Limited
249,BEPL,Bhansali Engineering Polymers Limited
250,BERGEPAINT,Berger Paints (I) Limited
251,BESTAGRO,Best Agrolife Limited
252,BFINVEST,BF Investment Limited
253,BFUTILITIE,BF Utilities Limited
254,BGRENERGY,BGR Energy Systems Limited
255,BHAGCHEM,Bhagiradha Chemicals & Industries Limited
256,BHAGERIA,Bhageria Industries Limited
257,BHAGYANGR,Bhagyanagar India Limited
258,BHANDARI,Bhandari Hosiery Exports Limited
259,BHARATFORG,Bharat Forge Limited
260,BHARATGEAR,Bharat Gears Limited
261,BHARATRAS,Bharat Rasayan Limited
262,BHARATWIRE,Bharat Wire Ropes Limited
263,BHARTIARTL,Bharti Airtel Limited
264,BHARTIHEXA,Bharti Hexacom Limited
265,BHEL,Bharat Heavy Electricals Limited
266,BIGBLOC,Bigbloc Construction Limited
267,BIKAJI,Bikaji Foods International Limited
268,BIL,Bhartiya International Limited
269,BINANIIND,Binani Industries Limited
270,BIOCON,Biocon Limited
271,BIOFILCHEM,Biofil Chemicals & Pharmaceuticals Limited
272,BIRLACABLE,Birla Cable Limited
273,BIRLACORPN,Birla Corporation Limited
274,BIRLAMONEY,Aditya Birla Money Limited
275,BLAL,BEML Land Assets Limited
276,BLBLIMITED,BLB Limited
277,BLISSGVS,Bliss GVS Pharma Limited
278,BLKASHYAP,B. L. Kashyap and Sons Limited
279,BLS,BLS International Services Limited
280,BLSE,BLS E-Services Limited
281,BLUECHIP,Blue Chip India Limited
282,BLUEDART,Blue Dart Express Limited
283,BLUEJET,Blue Jet Healthcare Limited
284,BLUESTARCO,Blue Star Limited
285,BODALCHEM,Bodal Chemicals Limited
286,BOMDYEING,Bombay Dyeing & Mfg Company Limited
287,BOROLTD,Borosil Limited
288,BORORENEW,BOROSIL RENEWABLES LIMITED
289,BOROSCI,Borosil Scientific Limited
290,BOSCHLTD,Bosch Limited
291,BPCL,Bharat Petroleum Corporation Limited
292,BPL,BPL Limited
293,BRIGADE,Brigade Enterprises Limited
294,BRITANNIA,Britannia Industries Limited
295,BRNL,Bharat Road Network Limited
296,BROOKS,Brooks Laboratories Limited
297,BSE,BSE Limited
298,BSHSL,Bombay Super Hybrid Seeds Limited
299,BSL,BSL Limited
300,BSOFT,BIRLASOFT LIMITED
301,BTML,Bodhi Tree Multimedia Limited
302,BURNPUR,Burnpur Cement Limited
303,BUTTERFLY,Butterfly Gandhimathi Appliances Limited
304,BVCL,Barak Valley Cements Limited
305,BYKE,The Byke Hospitality Ltd
306,CALSOFT,California Software Company Limited
307,CAMLINFINE,Camlin Fine Sciences Limited
308,CAMPUS,Campus Activewear Limited
309,CAMS,Computer Age Management Services Limited
310,CANBK,Canara Bank
311,CANFINHOME,Can Fin Homes Limited
312,CANTABIL,Cantabil Retail India Limited
313,CAPACITE,Capacit'e Infraprojects Limited
314,CAPITALSFB,Capital Small Finance Bank Limited
315,CAPLIPOINT,Caplin Point Laboratories Limited
316,CAPTRUST,Capital Trust Limited
317,CARBORUNIV,Carborundum Universal Limited
318,CAREERP,Career Point Limited
319,CARERATING,CARE Ratings Limited
320,CARTRADE,Cartrade Tech Limited
321,CARYSIL,CARYSIL LIMITED
322,CASTROLIND,Castrol India Limited
323,CCCL,Consolidated Construction Consortium Limited
324,CCHHL,Country Club Hospitality & Holidays Limited
325,CCL,CCL Products (India) Limited
326,CDSL,Central Depository Services (India) Limited
327,CEATLTD,CEAT Limited
328,CEIGALL,Ceigall India Limited
329,CELEBRITY,Celebrity Fashions Limited
330,CELLO,Cello World Limited
331,CENTENKA,Century Enka Limited
332,CENTEXT,Century Extrusions Limited
333,CENTRALBK,Central Bank of India
334,CENTRUM,Centrum Capital Limited
335,CENTUM,Centum Electronics Limited
336,CENTURYPLY,Century Plyboards (India) Limited
337,CENTURYTEX,Century Textiles & Industries Limited
338,CERA,Cera Sanitaryware Limited
339,CEREBRAINT,Cerebra Integrated Technologies Limited
340,CESC,CESC Limited
341,CGCL,Capri Global Capital Limited
342,CGPOWER,CG Power and Industrial Solutions Limited
343,CHALET,Chalet Hotels Limited
344,CHAMBLFERT,Chambal Fertilizers & Chemicals Limited
345,CHEMBOND,Chembond Chemicals Ltd
346,CHEMCON,Chemcon Speciality Chemicals Limited
347,CHEMFAB,Chemfab Alkalis Limited
348,CHEMPLASTS,Chemplast Sanmar Limited
349,CHENNPETRO,Chennai Petroleum Corporation Limited
350,CHEVIOT,Cheviot Company Limited
351,CHOICEIN,Choice International Limited
352,CHOLAFIN,Cholamandalam Investment and Finance Company Limited
353,CHOLAHLDNG,Cholamandalam Financial Holdings Limited
354,CIEINDIA,CIE Automotive India Limited
355,CIGNITITEC,Cigniti Technologies Limited
356,CINELINE,Cineline India Limited
357,CINEVISTA,Cinevista Limited
358,CIPLA,Cipla Limited
359,CLEAN,Clean Science and Technology Limited
360,CLEDUCATE,CL Educate Limited
361,CLSEL,Chaman Lal Setia Exports Limited
362,CMSINFO,CMS Info Systems Limited
363,COALINDIA,Coal India Limited
364,COASTCORP,Coastal Corporation Limited
365,COCHINSHIP,Cochin Shipyard Limited
366,COFFEEDAY,Coffee Day Enterprises Limited
367,COFORGE,Coforge Limited
368,COLPAL,Colgate Palmolive (India) Limited
369,COMPUSOFT,Compucom Software Limited
370,COMSYN,Commercial Syn Bags Limited
371,CONCOR,Container Corporation of India Limited
372,CONCORDBIO,Concord Biotech Limited
373,CONFIPET,Confidence Petroleum India Limited
374,CONSOFINVT,Consolidated Finvest & Holdings Limited
375,CONTROLPR,Control Print Limited
376,CORALFINAC,Coral India Finance & Housing Limited
377,CORDSCABLE,Cords Cable Industries Limited
378,COROMANDEL,Coromandel International Limited
379,COSMOFIRST,COSMO FIRST LIMITED
380,COUNCODOS,Country Condo's Limited
381,CRAFTSMAN,Craftsman Automation Limited
382,CREATIVE,Creative Newtech Limited
383,CREATIVEYE,Creative Eye Limited
384,CREDITACC,CREDITACCESS GRAMEEN LIMITED
385,CREST,Crest Ventures Limited
386,CRISIL,CRISIL Limited
387,CROMPTON,Crompton Greaves Consumer Electricals Limited
388,CROWN,Crown Lifters Limited
389,CSBBANK,CSB Bank Limited
390,CSLFINANCE,CSL Finance Limited
391,CTE,Cambridge Technology Enterprises Limited
392,CUB,City Union Bank Limited
393,CUBEXTUB,Cubex Tubings Limited
394,CUMMINSIND,Cummins India Limited
395,CUPID,Cupid Limited
396,CYBERMEDIA,Cyber Media (India) Limited
397,CYBERTECH,Cybertech Systems And Software Limited
398,CYIENT,Cyient Limited
399,CYIENTDLM,Cyient DLM Limited
400,DABUR,Dabur India Limited
401,DALBHARAT,Dalmia Bharat Limited
402,DALMIASUG,Dalmia Bharat Sugar and Industries Limited
403,DAMODARIND,Damodar Industries Limited
404,DANGEE,Dangee Dums Limited
405,DATAMATICS,Datamatics Global Services Limited
406,DATAPATTNS,Data Patterns (India) Limited
407,DAVANGERE,Davangere Sugar Company Limited
408,DBCORP,D.B.Corp Limited
409,DBL,Dilip Buildcon Limited
410,DBOL,Dhampur Bio Organics Limited
411,DBREALTY,Valor Estate Limited
412,DBSTOCKBRO,DB (International) Stock Brokers Limited
413,DCAL,Dishman Carbogen Amcis Limited
414,DCBBANK,DCB Bank Limited
415,DCI,Dc Infotech And Communication Limited
416,DCM,DCM  Limited
417,DCMFINSERV,DCM Financial Services Limited
418,DCMNVL,DCM Nouvelle Limited
419,DCMSHRIRAM,DCM Shriram Limited
420,DCMSRIND,DCM Shriram Industries Limited
421,DCW,DCW Limited
422,DCXINDIA,DCX Systems Limited
423,DECCANCE,Deccan Cements Limited
424,DEEDEV,DEE Development Engineers Limited
425,DEEPAKFERT,Deepak Fertilizers and Petrochemicals Corporation Limited
426,DEEPAKNTR,Deepak Nitrite Limited
427,DEEPENR,DEEP ENERGY RESOURCES LIMITED
428,DEEPINDS,Deep Industries Limited
429,DELHIVERY,Delhivery Limited
430,DELPHIFX,DELPHI WORLD MONEY LIMITED
431,DELTACORP,Delta Corp Limited
432,DELTAMAGNT,Delta Manufacturing Limited
433,DEN,Den Networks Limited
434,DENORA,De Nora India Limited
435,DEVIT,Dev Information Technology Limited
436,DEVYANI,Devyani International Limited
437,DGCONTENT,Digicontent Limited
438,DHAMPURSUG,Dhampur Sugar Mills Limited
439,DHANBANK,Dhanlaxmi Bank Limited
440,DHANI,Dhani Services Limited
441,DHANUKA,Dhanuka Agritech Limited
442,DHARMAJ,Dharmaj Crop Guard Limited
443,DHRUV,Dhruv Consultancy Services Limited
444,DHUNINV,Dhunseri Investments Limited
445,DIACABS,Diamond Power Infrastructure Limited
446,DIAMINESQ,Diamines & Chemicals Limited
447,DIAMONDYD,Prataap Snacks Limited
448,DICIND,DIC India Limited
449,DIGIDRIVE,Digidrive Distributors Limited
450,DIGISPICE,DiGiSPICE Technologies Limited
451,DIGJAMLMTD,Digjam Limited
452,DIL,Debock Industries Limited
453,DISHTV,Dish TV India Limited
454,DIVGIITTS,Divgi Torqtransfer Systems Limited
455,DIVISLAB,Divi's Laboratories Limited
456,DIXON,Dixon Technologies (India) Limited
457,DJML,DJ Mediaprint & Logistics Limited
458,DLF,DLF Limited
459,DLINKINDIA,D-Link (India) Limited
460,DMART,Avenue Supermarts Limited
461,DMCC,DMCC SPECIALITY CHEMICALS LIMITED
462,DNAMEDIA,Diligent Media Corporation Limited
463,DODLA,Dodla Dairy Limited
464,DOLATALGO,Dolat Algotech Limited
465,DOLLAR,Dollar Industries Limited
466,DOLPHIN,Dolphin Offshore Enterprises (India) Limited
467,DOMS,DOMS Industries Limited
468,DONEAR,Donear Industries Limited
469,DPABHUSHAN,D. P. Abhushan Limited
470,DPSCLTD,DPSC Limited
471,DPWIRES,D P Wires Limited
472,DRCSYSTEMS,DRC Systems India Limited
473,DREAMFOLKS,Dreamfolks Services Limited
474,DREDGECORP,Dredging Corporation of India Limited
475,DRREDDY,Dr. Reddy's Laboratories Limited
476,DSSL,Dynacons Systems & Solutions Limited
477,DTIL,Dhunseri Tea & Industries Limited
478,DUCON,Ducon Infratechnologies Limited
479,DVL,Dhunseri Ventures Limited
480,DWARKESH,Dwarikesh Sugar Industries Limited
481,DYCL,Dynamic Cables Limited
482,DYNAMATECH,Dynamatic Technologies Limited
483,DYNPRO,Dynemic Products Limited
484,E2E,E2E Networks Limited
485,EASEMYTRIP,Easy Trip Planners Limited
486,ECLERX,eClerx Services Limited
487,ECOSMOBLTY,Ecos (India) Mobility & Hospitality Limited
488,EDELWEISS,Edelweiss Financial Services Limited
489,EICHERMOT,Eicher Motors Limited
490,EIDPARRY,EID Parry India Limited
491,EIFFL,Euro India Fresh Foods Limited
492,EIHAHOTELS,EIH Associated Hotels Limited
493,EIHOTEL,EIH Limited
494,EIMCOELECO,Eimco Elecon (India) Limited
495,EKC,Everest Kanto Cylinder Limited
496,ELDEHSG,Eldeco Housing And Industries Limited
497,ELECON,Elecon Engineering Company Limited
498,ELECTCAST,Electrosteel Castings Limited
499,ELECTHERM,Electrotherm (India) Limited
500,ELGIEQUIP,Elgi Equipments Limited
501,ELGIRUBCO,Elgi Rubber Company Limited
502,ELIN,Elin Electronics Limited
503,EMAMILTD,Emami Limited
504,EMAMIPAP,Emami Paper Mills Limited
505,EMAMIREAL,Emami Realty Limited
506,EMBDL,Equinox India Developments Limited
507,EMCURE,Emcure Pharmaceuticals Limited
508,EMIL,Electronics Mart India Limited
509,EMKAY,Emkay Global Financial Services Limited
510,EMMBI,Emmbi Industries Limited
511,EMSLIMITED,EMS Limited
512,EMUDHRA,eMudhra Limited
513,ENDURANCE,Endurance Technologies Limited
514,ENERGYDEV,Energy Development Company Limited
515,ENGINERSIN,Engineers India Limited
516,ENIL,Entertainment Network (India) Limited
517,ENTERO,Entero Healthcare Solutions Limited
518,EPACK,EPACK Durable Limited
519,EPIGRAL,Epigral Limited
520,EPL,EPL Limited
521,EQUIPPP,Equippp Social Impact Technologies Limited
522,EQUITASBNK,Equitas Small Finance Bank Limited
523,ERIS,Eris Lifesciences Limited
524,EROSMEDIA,Eros International Media Limited
525,ESABINDIA,Esab India Limited
526,ESAFSFB,ESAF Small Finance Bank Limited
527,ESCORTS,Escorts Kubota Limited
528,ESSARSHPNG,Essar Shipping Limited
529,ESSENTIA,Integra Essentia Limited
530,ESTER,Ester Industries Limited
531,ETHOSLTD,Ethos Limited
532,EUREKAFORB,Eureka Forbes Limited
533,EUROTEXIND,Eurotex Industries and Exports Limited
534,EVEREADY,Eveready Industries India Limited
535,EVERESTIND,Everest Industries Limited
536,EXCEL,Excel Realty N Infra Limited
537,EXCELINDUS,Excel Industries Limited
538,EXICOM,Exicom Tele-Systems Limited
539,EXIDEIND,Exide Industries Limited
540,EXPLEOSOL,Expleo Solutions Limited
541,EXXARO,Exxaro Tiles Limited
542,FACT,Fertilizers and Chemicals Travancore Limited
543,FAIRCHEMOR,Fairchem Organics Limited
544,FAZE3Q,Faze Three Limited
545,FCL,Fineotex Chemical Limited
546,FCSSOFT,FCS Software Solutions Limited
547,FDC,FDC Limited
548,FEDERALBNK,The Federal Bank  Limited
549,FEDFINA,Fedbank Financial Services Limited
550,FEL,Future Enterprises Limited
551,FELDVR,Future Enterprises Limited
552,FIBERWEB,Fiberweb (India) Limited
553,FIEMIND,Fiem Industries Limited
554,FILATEX,Filatex India Limited
555,FILATFASH,Filatex Fashions Limited
556,FINCABLES,Finolex Cables Limited
557,FINEORG,Fine Organic Industries Limited
558,FINOPB,Fino Payments Bank Limited
559,FINPIPE,Finolex Industries Limited
560,FIRSTCRY,Brainbees Solutions Limited
561,FIVESTAR,Five-Star Business Finance Limited
562,FLAIR,Flair Writing Industries Limited
563,FLEXITUFF,Flexituff Ventures International Limited
564,FLFL,Future Lifestyle Fashions Limited
565,FLUOROCHEM,Gujarat Fluorochemicals Limited
566,FMGOETZE,Federal-Mogul Goetze (India) Limited.
567,FMNL,Future Market Networks Limited
568,FOCUS,Focus Lighting and Fixtures Limited
569,FOODSIN,Foods & Inns Limited
570,FORCEMOT,FORCE MOTORS LTD
571,FORTIS,Fortis Healthcare Limited
572,FOSECOIND,Foseco India Limited
573,FSC,Future Supply Chain Solutions Limited
574,FSL,Firstsource Solutions Limited
575,FUSION,Fusion Finance Limited
576,GABRIEL,Gabriel India Limited
577,GAEL,Gujarat Ambuja Exports Limited
578,GAIL,GAIL (India) Limited
579,GALAPREC,Gala Precision Engineering Limited
580,GALAXYSURF,Galaxy Surfactants Limited
581,GALLANTT,Gallantt Ispat Limited
582,GANDHAR,Gandhar Oil Refinery (India) Limited
583,GANDHITUBE,Gandhi Special Tubes Limited
584,GANECOS,Ganesha Ecosphere Limited
585,GANESHBE,Ganesh Benzoplast Limited
586,GANESHHOUC,Ganesh Housing Corporation Limited
587,GANGAFORGE,Ganga Forging Limited
588,GANGESSECU,Ganges Securities Limited
589,GARFIBRES,Garware Technical Fibres Limited
590,GATECH,GACM Technologies Limited
591,GATECHDVR,GACM Technologies Limited
592,GATEWAY,Gateway Distriparks Limited
593,GAYAHWS,Gayatri Highways Limited
594,GEECEE,GeeCee Ventures Limited
595,GEEKAYWIRE,Geekay Wires Limited
596,GENCON,Generic Engineering Construction and Projects Limited
597,GENESYS,Genesys International Corporation Limited
598,GENSOL,Gensol Engineering Limited
599,GENUSPAPER,Genus Paper & Boards Limited
600,GENUSPOWER,Genus Power Infrastructures Limited
601,GEOJITFSL,Geojit Financial Services Limited
602,GEPIL,GE Power India Limited
603,GESHIP,The Great Eastern Shipping Company Limited
604,GET&D,GE T&D India Limited
605,GFLLIMITED,GFL Limited
606,GHCL,GHCL Limited
607,GHCLTEXTIL,GHCL Textiles Limited
608,GICHSGFIN,GIC Housing Finance Limited
609,GICRE,General Insurance Corporation of India
610,GILLANDERS,Gillanders Arbuthnot & Company Limited
611,GILLETTE,Gillette India Limited
612,GINNIFILA,Ginni Filaments Limited
613,GIPCL,Gujarat Industries Power Company Limited
614,GKWLIMITED,GKW Limited
615,GLAND,Gland Pharma Limited
616,GLAXO,GlaxoSmithKline Pharmaceuticals Limited
617,GLENMARK,Glenmark Pharmaceuticals Limited
618,GLFL,Gujarat Lease Financing Limited
619,GLOBAL,Global Education Limited
620,GLOBALE,Globale Tessile Limited
621,GLOBALVECT,Global Vectra Helicorp Limited
622,GLOBE,Globe Textiles (India) Limited
623,GLOBUSSPR,Globus Spirits Limited
624,GLOSTERLTD,Gloster Limited
625,GLS,Glenmark Life Sciences Limited
626,GMBREW,GM Breweries Limited
627,GMDCLTD,Gujarat Mineral Development Corporation Limited
628,GMMPFAUDLR,GMM Pfaudler Limited
629,GMRINFRA,GMR Airports Infrastructure Limited
630,GMRP&UI,GMR Power and Urban Infra Limited
631,GNA,GNA Axles Limited
632,GNFC,Gujarat Narmada Valley Fertilizers and Chemicals Limited
633,GOACARBON,Goa Carbon Limited
634,GOCLCORP,GOCL Corporation Limited
635,GOCOLORS,Go Fashion (India) Limited
636,GODFRYPHLP,Godfrey Phillips India Limited
637,GODHA,Godha Cabcon & Insulation Limited
638,GODIGIT,Go Digit General Insurance Limited
639,GODREJAGRO,Godrej Agrovet Limited
640,GODREJCP,Godrej Consumer Products Limited
641,GODREJIND,Godrej Industries Limited
642,GODREJPROP,Godrej Properties Limited
643,GOENKA,Goenka Diamond and Jewels Limited
644,GOKEX,Gokaldas Exports Limited
645,GOKUL,Gokul Refoils and Solvent Limited
646,GOKULAGRO,Gokul Agro Resources Limited
647,GOLDENTOBC,Golden Tobacco Limited
648,GOLDIAM,Goldiam International Limited
649,GOLDTECH,AION-TECH SOLUTIONS LIMITED
650,GOODLUCK,Goodluck India Limited
651,GOPAL,Gopal Snacks Limited
652,GOYALALUM,Goyal Aluminiums Limited
653,GPIL,Godawari Power And Ispat limited
654,GPPL,Gujarat Pipavav Port Limited
655,GPTHEALTH,GPT Healthcare Limited
656,GPTINFRA,GPT Infraprojects Limited
657,GRANULES,Granules India Limited
658,GRAPHITE,Graphite India Limited
659,GRASIM,Grasim Industries Limited
660,GRAVITA,Gravita India Limited
661,GREAVESCOT,Greaves Cotton Limited
662,GREENLAM,Greenlam Industries Limited
663,GREENPANEL,Greenpanel Industries Limited
664,GREENPLY,Greenply Industries Limited
665,GREENPOWER,Orient Green Power Company Limited
666,GRINDWELL,Grindwell Norton Limited
667,GRINFRA,G R Infraprojects Limited
668,GRMOVER,GRM Overseas Limited
669,GROBTEA,The Grob Tea Company Limited
670,GRPLTD,GRP Limited
671,GRSE,Garden Reach Shipbuilders & Engineers Limited
672,GRWRHITECH,Garware Hi-Tech Films Limited
673,GSFC,Gujarat State Fertilizers & Chemicals Limited
674,GSLSU,Global Surfaces Limited
675,GSPL,Gujarat State Petronet Limited
676,GSS,GSS Infotech Limited
677,GTECJAINX,G-TEC JAINX EDUCATION LIMITED
678,GTL,GTL Limited
679,GTLINFRA,GTL Infrastructure Limited
680,GTPL,GTPL Hathway Limited
681,GUFICBIO,Gufic Biosciences Limited
682,GUJALKALI,Gujarat Alkalies and Chemicals Limited
683,GUJAPOLLO,Gujarat Apollo Industries Limited
684,GUJGASLTD,Gujarat Gas Limited
685,GUJRAFFIA,Gujarat Raffia Industries Limited
686,GULFOILLUB,Gulf Oil Lubricants India Limited
687,GULFPETRO,GP Petroleums Limited
688,GULPOLY,Gulshan Polyols Limited
689,GVKPIL,GVK Power & Infrastructure Limited
690,GVPTECH,GVP Infotech Limited
691,HAL,Hindustan Aeronautics Limited
692,HAPPSTMNDS,Happiest Minds Technologies Limited
693,HAPPYFORGE,Happy Forgings Limited
694,HARDWYN,Hardwyn India Limited
695,HARIOMPIPE,Hariom Pipe Industries Limited
696,HARRMALAYA,Harrisons  Malayalam Limited
697,HARSHA,Harsha Engineers International Limited
698,HATHWAY,Hathway Cable & Datacom Limited
699,HATSUN,Hatsun Agro Product Limited
700,HAVELLS,Havells India Limited
701,HAVISHA,Sri Havisha Hospitality and Infrastructure Limited
702,HBLPOWER,HBL Power Systems Limited
703,HBSL,HB Stockholdings Limited
704,HCC,Hindustan Construction Company Limited
705,HCG,Healthcare Global Enterprises Limited
706,HCL-INSYS,HCL Infosystems Limited
707,HCLTECH,HCL Technologies Limited
708,HDFCAMC,HDFC Asset Management Company Limited
709,HDFCBANK,HDFC Bank Limited
710,HDFCLIFE,HDFC Life Insurance Company Limited
711,HEADSUP,Heads UP Ventures Limited
712,HECPROJECT,HEC Infra Projects Limited
713,HEG,HEG Limited
714,HEIDELBERG,HeidelbergCement India Limited
715,HEMIPROP,Hemisphere Properties India Limited
716,HERANBA,Heranba Industries Limited
717,HERCULES,Hercules Hoists Limited
718,HERITGFOOD,Heritage Foods Limited
719,HEROMOTOCO,Hero MotoCorp Limited
720,HESTERBIO,Hester Biosciences Limited
721,HEUBACHIND,Heubach Colorants India Limited
722,HEXATRADEX,Hexa Tradex Limited
723,HFCL,HFCL Limited
724,HGINFRA,H.G. Infra Engineering Limited
725,HGS,Hinduja Global Solutions Limited
726,HIKAL,Hikal Limited
727,HIL,HIL Limited
728,HILTON,Hilton Metal Forging Limited
729,HIMATSEIDE,Himatsingka Seide Limited
730,HINDALCO,Hindalco Industries Limited
731,HINDCOMPOS,Hindustan Composites Limited
732,HINDCON,Hindcon Chemicals Limited
733,HINDCOPPER,Hindustan Copper Limited
734,HINDMOTORS,Hindustan Motors Limited
735,HINDOILEXP,Hindustan Oil Exploration Company Limited
736,HINDPETRO,Hindustan Petroleum Corporation Limited
737,HINDUNILVR,Hindustan Unilever Limited
738,HINDWAREAP,Hindware Home Innovation Limited
739,HINDZINC,Hindustan Zinc Limited
740,HIRECT,Hind Rectifiers Limited
741,HISARMETAL,Hisar Metal Industries Limited
742,HITECH,Hi-Tech Pipes Limited
743,HITECHCORP,Hitech Corporation Limited
744,HITECHGEAR,The Hi-Tech Gears Limited
745,HLEGLAS,HLE Glascoat Limited
746,HLVLTD,HLV LIMITED
747,HMAAGRO,HMA Agro Industries Limited
748,HMT,HMT Limited
749,HMVL,Hindustan Media Ventures Limited
750,HNDFDS,Hindustan Foods Limited
751,HOMEFIRST,Home First Finance Company India Limited
752,HONASA,Honasa Consumer Limited
753,HONAUT,Honeywell Automation India Limited
754,HONDAPOWER,Honda India Power Products Limited
755,HOVS,HOV Services Limited
756,HPAL,HP Adhesives Limited
757,HPIL,Hindprakash Industries Limited
758,HPL,HPL Electric & Power Limited
759,HSCL,Himadri Speciality Chemical Limited
760,HTMEDIA,HT Media Limited
761,HUBTOWN,Hubtown Limited
762,HUDCO,Housing & Urban Development Corporation Limited
763,HUHTAMAKI,Huhtamaki India Limited
764,HYBRIDFIN,Hybrid Financial Services Limited
765,ICDSLTD,ICDS Limited
766,ICEMAKE,Ice Make Refrigeration Limited
767,ICICIBANK,ICICI Bank Limited
768,ICICIGI,ICICI Lombard General Insurance Company Limited
769,ICICIPRULI,ICICI Prudential Life Insurance Company Limited
770,ICIL,Indo Count Industries Limited
771,ICRA,ICRA Limited
772,IDBI,IDBI Bank Limited
773,IDEA,Vodafone Idea Limited
774,IDEAFORGE,Ideaforge Technology Limited
775,IDFC,IDFC Limited
776,IDFCFIRSTB,IDFC First Bank Limited
777,IEL,Indiabulls Enterprises Limited
778,IEX,Indian Energy Exchange Limited
779,IFBAGRO,IFB Agro Industries Limited
780,IFBIND,IFB Industries Limited
781,IFCI,IFCI Limited
782,IFGLEXPOR,IFGL Refractories Limited
783,IGARASHI,Igarashi Motors India Limited
784,IGL,Indraprastha Gas Limited
785,IGPL,IG Petrochemicals Limited
786,IIFL,IIFL Finance Limited
787,IIFLSEC,IIFL Securities Limited
788,IITL,Industrial Investment Trust Limited
789,IKIO,IKIO Lighting Limited
790,IL&FSENGG,IL&FS Engineering and Construction Company Limited
791,IL&FSTRANS,IL&FS Transportation Networks Limited
792,IMAGICAA,Imagicaaworld Entertainment Limited
793,IMFA,Indian Metals & Ferro Alloys Limited
794,IMPAL,India Motor Parts and Accessories Limited
795,IMPEXFERRO,Impex Ferro Tech Limited
796,INCREDIBLE,INCREDIBLE INDUSTRIES LIMITED
797,INDBANK,Indbank Merchant Banking Services Limited
798,INDGN,Indegene Limited
799,INDHOTEL,The Indian Hotels Company Limited
800,INDIACEM,The India Cements Limited
801,INDIAGLYCO,India Glycols Limited
802,INDIAMART,Indiamart Intermesh Limited
803,INDIANB,Indian Bank
804,INDIANCARD,Indian Card Clothing Company Limited
805,INDIANHUME,Indian Hume Pipe Company Limited
806,INDIASHLTR,India Shelter Finance Corporation Limited
807,INDIGO,InterGlobe Aviation Limited
808,INDIGOPNTS,Indigo Paints Limited
809,INDNIPPON,India Nippon Electricals Limited
810,INDOAMIN,Indo Amines Limited
811,INDOBORAX,Indo Borax & Chemicals Limited
812,INDOCO,Indoco Remedies Limited
813,INDORAMA,Indo Rama Synthetics (India) Limited
814,INDOSTAR,IndoStar Capital Finance Limited
815,INDOTECH,Indo Tech Transformers Limited
816,INDOTHAI,Indo Thai Securities Limited
817,INDOWIND,Indowind Energy Limited
818,INDRAMEDCO,Indraprastha Medical Corporation Limited
819,INDSWFTLAB,Ind-Swift Laboratories Limited
820,INDSWFTLTD,Ind-Swift Limited
821,INDTERRAIN,Indian Terrain Fashions Limited
822,INDUSINDBK,IndusInd Bank Limited
823,INDUSTOWER,Indus Towers Limited
824,INFIBEAM,Infibeam Avenues Limited
825,INFOBEAN,InfoBeans Technologies Limited
826,INFOMEDIA,Infomedia Press Limited
827,INFY,Infosys Limited
828,INGERRAND,Ingersoll Rand (India) Limited
829,INNOVACAP,Innova Captab Limited
830,INOXGREEN,Inox Green Energy Services Limited
831,INOXINDIA,INOX India Limited
832,INOXWIND,Inox Wind Limited
833,INSECTICID,Insecticides (India) Limited
834,INSPIRISYS,Inspirisys Solutions Limited
835,INTELLECT,Intellect Design Arena Limited
836,INTENTECH,Intense Technologies Limited
837,INTERARCH,Interarch Building Products Limited
838,INTLCONV,International Conveyors Limited
839,INVENTURE,Inventure Growth & Securities Limited
840,IOB,Indian Overseas Bank
841,IOC,Indian Oil Corporation Limited
842,IOLCP,IOL Chemicals and Pharmaceuticals Limited
843,IONEXCHANG,ION Exchange (India) Limited
844,IPCALAB,IPCA Laboratories Limited
845,IPL,India Pesticides Limited
846,IRB,IRB Infrastructure Developers Limited
847,IRCON,Ircon International Limited
848,IRCTC,Indian Railway Catering And Tourism Corporation Limited
849,IREDA,Indian Renewable Energy
850,IREDA,Indian Renewable Energy Development Agency Limited
851,IRFC,Indian Railway Finance Corporation Limited
852,IRIS,Iris Business Services Limited
853,IRISDOREME,Iris Clothings Limited
854,IRMENERGY,IRM Energy Limited
855,ISEC,ICICI Securities Limited
856,ISFT,Intrasoft Technologies Limited
857,ISGEC,Isgec Heavy Engineering Limited
858,ITC,ITC Limited
859,ITDC,India Tourism Development Corporation Limited
860,ITDCEM,ITD Cementation India Limited
861,ITI,ITI Limited
862,IVC,IL&FS Investment Managers Limited
863,IVP,IVP Limited
864,IWEL,Inox Wind Energy Limited
865,IXIGO,Le Travenues Technology Limited
866,IZMO,IZMO Limited
867,J&KBANK,The Jammu & Kashmir Bank Limited
868,JAGRAN,Jagran Prakashan Limited
869,JAGSNPHARM,Jagsonpal Pharmaceuticals Limited
870,JAIBALAJI,Jai Balaji Industries Limited
871,JAICORPLTD,Jai Corp Limited
872,JAIPURKURT,Nandani Creation Limited
873,JAMNAAUTO,Jamna Auto Industries Limited
874,JASH,Jash Engineering Limited
875,JAYAGROGN,Jayant Agro Organics Limited
876,JAYBARMARU,Jay Bharat Maruti Limited
877,JAYNECOIND,Jayaswal Neco Industries Limited
878,JAYSREETEA,Jayshree Tea & Industries Limited
879,JBCHEPHARM,JB Chemicals & Pharmaceuticals Limited
880,JBMA,JBM Auto Limited
881,JCHAC,Johnson Controls - Hitachi Air Conditioning India Limited
882,JETAIRWAYS,Jet Airways (India) Limited
883,JETFREIGHT,Jet Freight Logistics Limited
884,JGCHEM,J.G.Chemicals Limited
885,JHS,JHS Svendgaard Laboratories Limited
886,JINDALPHOT,Jindal Photo Limited
887,JINDALPOLY,Jindal Poly Films Limited
888,JINDALSAW,Jindal Saw Limited
889,JINDALSTEL,Jindal Steel & Power Limited
890,JINDRILL,Jindal Drilling And Industries Limited
891,JINDWORLD,Jindal Worldwide Limited
892,JIOFIN,Jio Financial Services Limited
893,JISLDVREQS,Jain Irrigation Systems Limited
894,JISLJALEQS,Jain Irrigation Systems Limited
895,JITFINFRA,JITF Infralogistics Limited
896,JKCEMENT,JK Cement Limited
897,JKIL,J.Kumar Infraprojects Limited
898,JKLAKSHMI,JK Lakshmi Cement Limited
899,JKPAPER,JK Paper Limited
900,JKTYRE,JK Tyre & Industries Limited
901,JLHL,Jupiter Life Line Hospitals Limited
902,JMA,Jullundur Motor Agency (Delhi) Limited
903,JMFINANCIL,JM Financial Limited
904,JNKINDIA,JNK India Limited
905,JOCIL,Jocil Limited
906,JPOLYINVST,Jindal Poly Investment and Finance Company Limited
907,JPPOWER,Jaiprakash Power Ventures Limited
908,JSFB,Jana Small Finance Bank Limited
909,JSL,Jindal Stainless Limited
910,JSWENERGY,JSW Energy Limited
911,JSWHL,JSW Holdings Limited
912,JSWINFRA,JSW Infrastructure Limited
913,JSWSTEEL,JSW Steel Limited
914,JTEKTINDIA,Jtekt India Limited
915,JTLIND,JTL INDUSTRIES LIMITED
916,JUBLFOOD,Jubilant Foodworks Limited
917,JUBLINDS,Jubilant Industries Limited
918,JUBLINGREA,Jubilant Ingrevia Limited
919,JUBLPHARMA,Jubilant Pharmova Limited
920,JUNIPER,Juniper Hotels Limited
921,JUSTDIAL,Just Dial Limited
922,JWL,Jupiter Wagons Limited
923,JYOTHYLAB,Jyothy Labs Limited
924,JYOTICNC,Jyoti CNC Automation Limited
925,JYOTISTRUC,Jyoti Structures Limited
926,KABRAEXTRU,Kabra Extrusion Technik Limited
927,KAJARIACER,Kajaria Ceramics Limited
928,KAKATCEM,Kakatiya Cement Sugar & Industries Limited
929,KALAMANDIR,Sai Silks (Kalamandir) Limited
930,KALYANI,Kalyani Commercials Limited
931,KALYANIFRG,Kalyani Forge Limited
932,KALYANKJIL,Kalyan Jewellers India Limited
933,KAMATHOTEL,Kamat Hotels (I) Limited
934,KAMDHENU,Kamdhenu Limited
935,KAMOPAINTS,Kamdhenu Ventures Limited
936,KANANIIND,Kanani Industries Limited
937,KANORICHEM,Kanoria Chemicals & Industries Limited
938,KANPRPLA,Kanpur Plastipack Limited
939,KANSAINER,Kansai Nerolac Paints Limited
940,KAPSTON,Kapston Services Limited
941,KARMAENG,Karma Energy Limited
942,KARURVYSYA,Karur Vysya Bank Limited
943,KAUSHALYA,Kaushalya Infrastructure Development Corporation Limited
944,KAVVERITEL,Kavveri Telecom Products Limited
945,KAYA,Kaya Limited
946,KAYNES,Kaynes Technology India Limited
947,KBCGLOBAL,KBC Global Limited
948,KCP,KCP Limited
949,KCPSUGIND,KCP Sugar and Industries Corporation Limited
950,KDDL,KDDL Limited
951,KEC,KEC International Limited
952,KECL,Kirloskar Electric Company Limited
953,KEEPLEARN,DSJ Keep Learning Limited
954,KEI,KEI Industries Limited
955,KELLTONTEC,Kellton Tech Solutions Limited
956,KERNEX,Kernex Microsystems (India) Limited
957,KESORAMIND,Kesoram Industries Limited
958,KEYFINSERV,Keynote Financial Services Limited
959,KFINTECH,Kfin Technologies Limited
960,KHADIM,Khadim India Limited
961,KHAICHEM,Khaitan Chemicals & Fertilizers Limited
962,KHAITANLTD,Khaitan (India) Limited
963,KHANDSE,Khandwala Securities Limited
964,KICL,Kalyani Investment Company Limited
965,KILITCH,Kilitch Drugs (India) Limited
966,KIMS,Krishna Institute of Medical Sciences Limited
967,KINGFA,Kingfa Science & Technology (India) Limited
968,KIOCL,KIOCL Limited
969,KIRIINDUS,Kiri Industries Limited
970,KIRLOSBROS,Kirloskar Brothers Limited
971,KIRLOSENG,Kirloskar Oil Engines Limited
972,KIRLOSIND,Kirloskar Industries Limited
973,KIRLPNU,Kirloskar Pneumatic Company Limited
974,KITEX,Kitex Garments Limited
975,KKCL,Kewal Kiran Clothing Limited
976,KMSUGAR,K.M.Sugar Mills Limited
977,KNRCON,KNR Constructions Limited
978,KOHINOOR,Kohinoor Foods Limited
979,KOKUYOCMLN,Kokuyo Camlin Limited
980,KOLTEPATIL,Kolte - Patil Developers Limited
981,KOPRAN,Kopran Limited
982,KOTAKBANK,Kotak Mahindra Bank Limited
983,KOTARISUG,Kothari Sugars And Chemicals Limited
984,KOTHARIPET,Kothari Petrochemicals Limited
985,KOTHARIPRO,Kothari Products Limited
986,KPIGREEN,KPI Green Energy Limited
987,KPIL,Kalpataru Projects International Limited
988,KPITTECH,KPIT Technologies Limited
989,KPRMILL,K.P.R. Mill Limited
990,KRBL,KRBL Limited
991,KREBSBIO,Krebs Biochemicals and Industries Limited
992,KRIDHANINF,Kridhan Infra Limited
993,KRISHANA,Krishana Phoschem Limited
994,KRITI,Kriti Industries (India) Limited
995,KRITIKA,Kritika Wires Limited
996,KRITINUT,Kriti Nutrients Limited
997,KRONOX,Kronox Lab Sciences Limited
998,KROSS,Kross Limited
999,KRSNAA,Krsnaa Diagnostics Limited
1000,KRYSTAL,Krystal Integrated Services Limited
1001,KSB,Ksb Limited
1002,KSCL,Kaveri Seed Company Limited
1003,KSHITIJPOL,Kshitij Polyline Limited
1004,KSL,Kalyani Steels Limited
1005,KSOLVES,Ksolves India Limited
1006,KTKBANK,The Karnataka Bank Limited
1007,KUANTUM,Kuantum Papers Limited
1008,LAGNAM,Lagnam Spintex Limited
1009,LAL,Lorenzini Apparels Limited
1010,LALPATHLAB,Dr. Lal Path Labs Ltd.
1011,LAMBODHARA,Lambodhara Textiles Limited
1012,LANCORHOL,Lancor Holdings Limited
1013,LANDMARK,Landmark Cars Limited
1014,LAOPALA,La Opala RG Limited
1015,LASA,Lasa Supergenerics Limited
1016,LATENTVIEW,Latent View Analytics Limited
1017,LATTEYS,Latteys Industries Limited
1018,LAURUSLABS,Laurus Labs Limited
1019,LAXMICOT,Laxmi Cotspin Limited
1020,LAXMIMACH,Lakshmi Machine Works Limited
1021,LCCINFOTEC,LCC Infotech Limited
1022,LEMONTREE,Lemon Tree Hotels Limited
1023,LEXUS,Lexus Granito (India) Limited
1024,LFIC,Lakshmi Finance & Industrial Corporation Limited
1025,LGBBROSLTD,LG Balakrishnan & Bros Limited
1026,LGHL,Laxmi Goldorna House Limited
1027,LIBAS,Libas Consumer Products Limited
1028,LIBERTSHOE,Liberty Shoes Limited
1029,LICHSGFIN,LIC Housing Finance Limited
1030,LICI,Life Insurance Corporation Of India
1031,LIKHITHA,Likhitha Infrastructure Limited
1032,LINC,Linc Limited
1033,LINCOLN,Lincoln Pharmaceuticals Limited
1034,LINDEINDIA,Linde India Limited
1035,LLOYDSENGG,LLOYDS ENGINEERING WORKS LIMITED
1036,LLOYDSME,Lloyds Metals And Energy Limited
1037,LODHA,Macrotech Developers Limited
1038,LOKESHMACH,Lokesh Machines Limited
1039,LORDSCHLO,Lords Chloro Alkali Limited
1040,LOTUSEYE,Lotus Eye Hospital and Institute Limited
1041,LOVABLE,Lovable Lingerie Limited
1042,LOYALTEX,Loyal Textile Mills Limited
1043,LPDC,Landmark Property Development Company Limited
1044,LT,Larsen & Toubro Limited
1045,LTF,L&T Finance Limited
1046,LTFOODS,LT Foods Limited
1047,LTIM,LTIMindtree Limited
1048,LTTS,L&T Technology Services Limited
1049,LUMAXIND,Lumax Industries Limited
1050,LUMAXTECH,Lumax Auto Technologies Limited
1051,LUPIN,Lupin Limited
1052,LUXIND,Lux Industries Limited
1053,LXCHEM,Laxmi Organic Industries Limited
1054,LYKALABS,Lyka Labs Limited
1055,LYPSAGEMS,Lypsa Gems & Jewellery Limited
1056,M&M,Mahindra & Mahindra Limited
1057,M&MFIN,Mahindra & Mahindra Financial Services Limited
1058,MAANALU,Maan Aluminium Limited
1059,MACPOWER,Macpower CNC Machines Limited
1060,MADHAV,Madhav Marbles and Granites Limited
1061,MADHUCON,Madhucon Projects Limited
1062,MADRASFERT,Madras Fertilizers Limited
1063,MAGADSUGAR,Magadh Sugar & Energy Limited
1064,MAGNUM,Magnum Ventures Limited
1065,MAHABANK,Bank of Maharashtra
1066,MAHAPEXLTD,Maha Rashtra Apex Corporation Limited
1067,MAHASTEEL,Mahamaya Steel Industries Limited
1068,MAHEPC,Mahindra EPC Irrigation Limited
1069,MAHESHWARI,Maheshwari Logistics Limited
1070,MAHLIFE,Mahindra Lifespace Developers Limited
1071,MAHLOG,Mahindra Logistics Limited
1072,MAHSCOOTER,Maharashtra Scooters Limited
1073,MAHSEAMLES,Maharashtra Seamless Limited
1074,MAITHANALL,Maithan Alloys Limited
1075,MALLCOM,Mallcom (India) Limited
1076,MALUPAPER,Malu Paper Mills Limited
1077,MANAKALUCO,Manaksia Aluminium Company Limited
1078,MANAKCOAT,Manaksia Coated Metals & Industries Limited
1079,MANAKSIA,Manaksia Limited
1080,MANAKSTEEL,Manaksia Steels Limited
1081,MANALIPETC,Manali Petrochemicals Limited
1082,MANAPPURAM,Manappuram Finance Limited
1083,MANCREDIT,Mangal Credit and Fincorp Limited
1084,MANGALAM,Mangalam Drugs And Organics Limited
1085,MANGCHEFER,Mangalore Chemicals & Fertilizers Limited
1086,MANGLMCEM,Mangalam Cement Limited
1087,MANINDS,Man Industries (India) Limited
1088,MANINFRA,Man Infraconstruction Limited
1089,MANKIND,Mankind Pharma Limited
1090,MANOMAY,Manomay Tex India Limited
1091,MANORAMA,Manorama Industries Limited
1092,MANORG,Mangalam Organics Limited
1093,MANUGRAPH,Manugraph India Limited
1094,MANYAVAR,Vedant Fashions Limited
1095,MAPMYINDIA,C.E. Info Systems Limited
1096,MARALOVER,Maral Overseas Limited
1097,MARATHON,Marathon Nextgen Realty Limited
1098,MARICO,Marico Limited
1099,MARINE,Marine Electricals (India) Limited
1100,MARKSANS,Marksans Pharma Limited
1101,MARSHALL,Marshall Machines Limited
1102,MARUTI,Maruti Suzuki India Limited
1103,MASFIN,MAS Financial Services Limited
1104,MASKINVEST,Mask Investments Limited
1105,MASTEK,Mastek Limited
1106,MATRIMONY,Matrimony.Com Limited
1107,MAWANASUG,Mawana Sugars Limited
1108,MAXESTATES,Max Estates Limited
1109,MAXHEALTH,Max Healthcare Institute Limited
1110,MAXIND,Max India Limited
1111,MAYURUNIQ,Mayur Uniquoters Ltd
1112,MAZDA,Mazda Limited
1113,MAZDOCK,Mazagon Dock Shipbuilders Limited
1114,MBAPL,Madhya Bharat Agro Products Limited
1115,MBECL,Mcnally Bharat Engineering Company Limited
1116,MBLINFRA,MBL Infrastructure Limited
1117,MCL,Madhav Copper Limited
1118,MCLEODRUSS,Mcleod Russel India Limited
1119,MCX,Multi Commodity Exchange of India Limited
1120,MEDANTA,Global Health Limited
1121,MEDIASSIST,Medi Assist Healthcare Services Limited
1122,MEDICAMEQ,Medicamen Biotech Limited
1123,MEDICO,Medico Remedies Limited
1124,MEDPLUS,Medplus Health Services Limited
1125,MEGASOFT,Megasoft Limited
1126,MEGASTAR,Megastar Foods Limited
1127,MENONBE,Menon Bearings Limited
1128,METROBRAND,Metro Brands Limited
1129,METROPOLIS,Metropolis Healthcare Limited
1130,MFML,Mahalaxmi Fabric Mills Limited
1131,MFSL,Max Financial Services Limited
1132,MGEL,Mangalam Global Enterprise Limited
1133,MGL,Mahanagar Gas Limited
1134,MHLXMIRU,Mahalaxmi Rubtech Limited
1135,MHRIL,Mahindra Holidays & Resorts India Limited
1136,MICEL,MIC Electronics Limited
1137,MIDHANI,Mishra Dhatu Nigam Limited
1138,MINDACORP,Minda Corporation Limited
1139,MINDTECK,Mindteck (India) Limited
1140,MIRCELECTR,MIRC Electronics Limited
1141,MIRZAINT,Mirza International Limited
1142,MITCON,MITCON Consultancy & Engineering Services Limited
1143,MITTAL,Mittal Life Style Limited
1144,MKPL,M K Proteins Limited
1145,MMFL,MM Forgings Limited
1146,MMP,MMP Industries Limited
1147,MMTC,MMTC Limited
1148,MODIRUBBER,Modi Rubber Limited
1149,MODISONLTD,MODISON LIMITED
1150,MODTHREAD,Modern Threads (India) Limited
1151,MOHITIND,Mohit Industries Limited
1152,MOIL,MOIL Limited
1153,MOKSH,Moksh Ornaments Limited
1154,MOL,Meghmani Organics Limited
1155,MOLDTECH,Mold-Tek Technologies Limited
1156,MOLDTKPAC,Mold-Tek Packaging Limited
1157,MONARCH,Monarch Networth Capital Limited
1158,MONTECARLO,Monte Carlo Fashions Limited
1159,MOREPENLAB,Morepen Laboratories Limited
1160,MOTHERSON,Samvardhana Motherson International Limited
1161,MOTILALOFS,Motilal Oswal Financial Services Limited
1162,MOTISONS,Motisons Jewellers Limited
1163,MOTOGENFIN,The Motor & General Finance Limited
1164,MPHASIS,MphasiS Limited
1165,MPSLTD,MPS Limited
1166,MRF,MRF Limited
1167,MRO-TEK,MRO-TEK Realty Limited
1168,MRPL,Mangalore Refinery and Petrochemicals Limited
1169,MSPL,MSP Steel & Power Limited
1170,MSTCLTD,Mstc Limited
1171,MSUMI,Motherson Sumi Wiring India Limited
1172,MTARTECH,Mtar Technologies Limited
1173,MTNL,Mahanagar Telephone Nigam Limited
1174,MUFIN,Mufin Green Finance Limited
1175,MUFTI,Credo Brands Marketing Limited
1176,MUKANDLTD,Mukand Limited
1177,MUKKA,Mukka Proteins Limited
1178,MUKTAARTS,Mukta Arts Limited
1179,MUNJALAU,Munjal Auto Industries Limited
1180,MUNJALSHOW,Munjal Showa Limited
1181,MURUDCERA,Murudeshwar Ceramics Limited
1182,MUTHOOTCAP,Muthoot Capital Services Limited
1183,MUTHOOTFIN,Muthoot Finance Limited
1184,MUTHOOTMF,Muthoot Microfin Limited
1185,MVGJL,Manoj Vaibhav Gems N Jewellers Limited
1186,NACLIND,NACL Industries Limited
1187,NAGAFERT,Nagarjuna Fertilizers and Chemicals Limited
1188,NAGREEKCAP,Nagreeka Capital & Infrastructure Limited
1189,NAGREEKEXP,Nagreeka Exports Limited
1190,NAHARCAP,Nahar Capital and Financial Services Limited
1191,NAHARINDUS,Nahar Industrial Enterprises Limited
1192,NAHARPOLY,Nahar Poly Films Limited
1193,NAHARSPING,Nahar Spinning Mills Limited
1194,NAM-INDIA,Nippon Life India Asset Management Limited
1195,NARMADA,Narmada Agrobase Limited
1196,NATCOPHARM,Natco Pharma Limited
1197,NATHBIOGEN,Nath Bio-Genes (India) Limited
1198,NATIONALUM,National Aluminium Company Limited
1199,NAUKRI,Info Edge (India) Limited
1200,NAVA,NAVA LIMITED
1201,NAVINFLUOR,Navin Fluorine International Limited
1202,NAVKARCORP,Navkar Corporation Limited
1203,NAVNETEDUL,Navneet Education Limited
1204,NAZARA,Nazara Technologies Limited
1205,NBCC,NBCC (India) Limited
1206,NBIFIN,N. B. I. Industrial Finance Company Limited
1207,NCC,NCC Limited
1208,NCLIND,NCL Industries Limited
1209,NDGL,Naga Dhunseri Group Limited
1210,NDL,Nandan Denim Limited
1211,NDLVENTURE,NDL Ventures Limited
1212,NDRAUTO,Ndr Auto Components Limited
1213,NDTV,New Delhi Television Limited
1214,NECCLTD,North Eastern Carrying Corporation Limited
1215,NECLIFE,Nectar Lifesciences Limited
1216,NELCAST,Nelcast Limited
1217,NELCO,NELCO Limited
1218,NEOGEN,Neogen Chemicals Limited
1219,NESCO,Nesco Limited
1220,NESTLEIND,Nestle India Limited
1221,NETWEB,Netweb Technologies India Limited
1222,NETWORK18,Network18 Media & Investments Limited
1223,NEULANDLAB,Neuland Laboratories Limited
1224,NEWGEN,Newgen Software Technologies Limited
1225,NEXTMEDIA,Next Mediaworks Limited
1226,NFL,National Fertilizers Limited
1227,NGIL,Nakoda Group of Industries Limited
1228,NGLFINE,NGL Fine-Chem Limited
1229,NH,Narayana Hrudayalaya Ltd.
1230,NHPC,NHPC Limited
1231,NIACL,The New India Assurance Company Limited
1232,NIBL,NRB Industrial Bearings Limited
1233,NIITLTD,NIIT Limited
1234,NIITMTS,NIIT Learning Systems Limited
1235,NILAINFRA,Nila Infrastructures Limited
1236,NILASPACES,Nila Spaces Limited
1237,NILKAMAL,Nilkamal Limited
1238,NINSYS,NINtec Systems Limited
1239,NIPPOBATRY,Indo-National Limited
1240,NIRAJ,Niraj Cement Structurals Limited
1241,NIRAJISPAT,Niraj Ispat Industries Limited
1242,NITCO,Nitco Limited
1243,NITINSPIN,Nitin Spinners Limited
1244,NITIRAJ,Nitiraj Engineers Limited
1245,NKIND,NK Industries Limited
1246,NLCINDIA,NLC India Limited
1247,NMDC,NMDC Limited
1248,NOCIL,NOCIL Limited
1249,NOIDATOLL,Noida Toll Bridge Company Limited
1250,NORBTEAEXP,Norben Tea & Exports Limited
1251,NORTHARC,Northern Arc Capital Limited
1252,NOVAAGRI,Nova Agritech Limited
1253,NRAIL,N R Agarwal Industries Limited
1254,NRBBEARING,NRB Bearing Limited
1255,NRL,Nupur Recyclers Limited
1256,NSIL,Nalwa Sons Investments Limited
1257,NSLNISP,NMDC Steel Limited
1258,NTPC,NTPC Limited
1259,NUCLEUS,Nucleus Software Exports Limited
1260,NURECA,Nureca Limited
1261,NUVAMA,Nuvama Wealth Management Limited
1262,NUVOCO,Nuvoco Vistas Corporation Limited
1263,NYKAA,FSN E-Commerce Ventures Limited
1264,OAL,Oriental Aromatics Limited
1265,OBCL,Orissa Bengal Carrier Limited
1266,OBEROIRLTY,Oberoi Realty Limited
1267,OCCL,Oriental Carbon & Chemicals Limited
1268,OFSS,Oracle Financial Services Software Limited
1269,OIL,Oil India Limited
1270,OILCOUNTUB,Oil Country Tubular Limited
1271,OLAELEC,Ola Electric Mobility Limited
1272,OLECTRA,Olectra Greentech Limited
1273,OMAXAUTO,Omax Autos Limited
1274,OMAXE,Omaxe Limited
1275,OMINFRAL,OM INFRA LIMITED
1276,OMKARCHEM,Omkar Speciality Chemicals Limited
1277,ONELIFECAP,Onelife Capital Advisors Limited
1278,ONEPOINT,One Point One Solutions Limited
1279,ONGC,Oil & Natural Gas Corporation Limited
1280,ONMOBILE,OnMobile Global Limited
1281,ONWARDTEC,Onward Technologies Limited
1282,OPTIEMUS,Optiemus Infracom Limited
1283,ORBTEXP,Orbit Exports Limited
1284,ORCHPHARMA,Orchid Pharma Limited
1285,ORICONENT,Oricon Enterprises Limited
1286,ORIENT-RE,ORIENTAL TRIMEX LTD-RE
1287,ORIENTALTL,Oriental Trimex Limited
1288,ORIENTBELL,Orient Bell Limited
1289,ORIENTCEM,Orient Cement Limited
1290,ORIENTCER,ORIENT CERATECH LIMITED
1291,ORIENTELEC,Orient Electric Limited
1292,ORIENTHOT,Oriental Hotels Limited
1293,ORIENTLTD,Orient Press Limited
1294,ORIENTPPR,Orient Paper & Industries Limited
1295,ORIENTTECH,Orient Technologies Limited
1296,ORISSAMINE,The Orissa Minerals Development Company Limited
1297,ORTINGLOBE,ORTIN GLOBAL LIMITED
1298,OSIAHYPER,Osia Hyper Retail Limited
1299,OSWALAGRO,Oswal Agro Mills Limited
1300,OSWALGREEN,Oswal Greentech Limited
1301,OSWALSEEDS,ShreeOswal Seeds And Chemicals Limited
1302,PAGEIND,Page Industries Limited
1303,PAISALO,Paisalo Digital Limited
1304,PAKKA,PAKKA LIMITED
1305,PALASHSECU,Palash Securities Limited
1306,PALREDTEC,Palred Technologies Limited
1307,PANACEABIO,Panacea Biotec Limited
1308,PANACHE,Panache Digilife Limited
1309,PANAMAPET,Panama Petrochem Limited
1310,PANSARI,Pansari Developers Limited
1311,PAR,Par Drugs And Chemicals Limited
1312,PARACABLES,Paramount Communications Limited
1313,PARADEEP,Paradeep Phosphates Limited
1314,PARAGMILK,Parag Milk Foods Limited
1315,PARAS,Paras Defence and Space Technologies Limited
1316,PARASPETRO,Paras Petrofils Limited
1317,PARKHOTELS,Apeejay Surrendra Park Hotels Limited
1318,PARSVNATH,Parsvnath Developers Limited
1319,PASUPTAC,Pasupati Acrylon Limited
1320,PATANJALI,Patanjali Foods Limited
1321,PATELENG,Patel Engineering Limited
1322,PATINT-RE2,Patel Integrated Log-RE2
1323,PATINTLOG,Patel Integrated Logistics Limited
1324,PAVNAIND,Pavna Industries Limited
1325,PAYTM,One 97 Communications Limited
1326,PCBL,PCBL LIMITED
1327,PCJEWELLER,PC Jeweller Limited
1328,PDMJEPAPER,Pudumjee Paper Products Limited
1329,PDSL,PDS Limited
1330,PEARLPOLY,Pearl Polymers Limited
1331,PEL,Piramal Enterprises Limited
1332,PENIND,Pennar Industries Limited
1333,PENINLAND,Peninsula Land Limited
1334,PERSISTENT,Persistent Systems Limited
1335,PETRONET,Petronet LNG Limited
1336,PFC,Power Finance Corporation Limited
1337,PFIZER,Pfizer Limited
1338,PFOCUS,Prime Focus Limited
1339,PFS,PTC India Financial Services Limited
1340,PGEL,PG Electroplast Limited
1341,PGHH,Procter & Gamble Hygiene and Health Care Limited
1342,PGHL,Procter & Gamble Health Limited
1343,PGIL,Pearl Global Industries Limited
1344,PHOENIXLTD,The Phoenix Mills Limited
1345,PIDILITIND,Pidilite Industries Limited
1346,PIGL,Power & Instrumentation (Gujarat) Limited
1347,PIIND,PI Industries Limited
1348,PILANIINVS,Pilani Investment and Industries Corporation Limited
1349,PILITA,PIL ITALICA LIFESTYLE LIMITED
1350,PIONEEREMB,Pioneer Embroideries Limited
1351,PITTIENG,Pitti Engineering Limited
1352,PIXTRANS,Pix Transmissions Limited
1353,PKTEA,The Peria Karamalai Tea & Produce Company Limited
1354,PLASTIBLEN,Plastiblends India Limited
1355,PLATIND,Platinum Industries Limited
1356,PLAZACABLE,Plaza Wires Limited
1357,PNB,Punjab National Bank
1358,PNBGILTS,PNB Gilts Limited
1359,PNBHOUSING,PNB Housing Finance Limited
1360,PNC,Pritish Nandy Communications Limited
1361,PNCINFRA,PNC Infratech Limited
1362,PNGJL,P N Gadgil Jewellers Limited
1363,POCL,Pondy Oxides & Chemicals Limited
1364,PODDARHOUS,Poddar Housing and Development Limited
1365,PODDARMENT,Poddar Pigments Limited
1366,POKARNA,Pokarna Limited
1367,POLICYBZR,PB Fintech Limited
1368,POLYCAB,Polycab India Limited
1369,POLYMED,Poly Medicure Limited
1370,POLYPLEX,Polyplex Corporation Limited
1371,PONNIERODE,Ponni Sugars (Erode) Limited
1372,POONAWALLA,Poonawalla Fincorp Limited
1373,POWERGRID,Power Grid Corporation of India Limited
1374,POWERINDIA,Hitachi Energy India Limited
1375,POWERMECH,Power Mech Projects Limited
1376,PPAP,PPAP Automotive Limited
1377,PPL,Prakash Pipes Limited
1378,PPLPHARMA,Piramal Pharma Limited
1379,PRAENG,Prajay Engineers Syndicate Limited
1380,PRAJIND,Praj Industries Limited
1381,PRAKASH,Prakash Industries Limited
1382,PRAKASHSTL,Prakash Steelage Limited
1383,PRAXIS,Praxis Home Retail Limited
1384,PRECAM,Precision Camshafts Limited
1385,PRECOT,Precot Limited
1386,PRECWIRE,Precision Wires India Limited
1387,PREMEXPLN,Premier Explosives Limited
1388,PREMIERENE,Premier Energies Limited
1389,PREMIERPOL,Premier Polyfilm Limited
1390,PRESTIGE,Prestige Estates Projects Limited
1391,PRICOLLTD,Pricol Limited
1392,PRIMESECU,Prime Securities Limited
1393,PRINCEPIPE,Prince Pipes And Fittings Limited
1394,PRITI,Priti International Limited
1395,PRITIKAUTO,Pritika Auto Industries Limited
1396,PRIVISCL,Privi Speciality Chemicals Limited
1397,PROZONER,Prozone Realty Limited
1398,PRSMJOHNSN,Prism Johnson Limited
1399,PRUDENT,Prudent Corporate Advisory Services Limited
1400,PRUDMOULI,Prudential Sugar Corporation Limited
1401,PSB,Punjab & Sind Bank
1402,PSPPROJECT,PSP Projects Limited
1403,PTC,PTC India Limited
1404,PTCIL,PTC Industries Limited
1405,PTL,PTL Enterprises Limited
1406,PUNJABCHEM,Punjab Chemicals & Crop Protection Limited
1407,PURVA,Puravankara Limited
1408,PVP,PVP Ventures Limited
1409,PVRINOX,PVR INOX Limited
1410,PVSL,Popular Vehicles and Services Limited
1411,PYRAMID,Pyramid Technoplast Limited
1412,QUESS,Quess Corp Limited
1413,QUICKHEAL,Quick Heal Technologies Limited
1414,RACE,Race Eco Chain Limited
1415,RADAAN,Radaan Mediaworks India Limited
1416,RADHIKAJWE,Radhika Jeweltech Limited
1417,RADIANTCMS,Radiant Cash Management Services Limited
1418,RADICO,Radico Khaitan Limited
1419,RADIOCITY,Music Broadcast Limited
1420,RAILTEL,Railtel Corporation Of India Limited
1421,RAIN,Rain Industries Limited
1422,RAINBOW,Rainbow Childrens Medicare Limited
1423,RAJESHEXPO,Rajesh Exports Limited
1424,RAJMET,Rajnandini Metal Limited
1425,RAJRATAN,Rajratan Global Wire Limited
1426,RAJRILTD,Raj Rayon Industries Limited
1427,RAJSREESUG,Rajshree Sugars & Chemicals Limited
1428,RAJTV,Raj Television Network Limited
1429,RALLIS,Rallis India Limited
1430,RAMANEWS,Shree Rama Newsprint Limited
1431,RAMAPHO,Rama Phosphates Limited
1432,RAMASTEEL,Rama Steel Tubes Limited
1433,RAMCOCEM,The Ramco Cements Limited
1434,RAMCOIND,Ramco Industries Limited
1435,RAMCOSYS,Ramco Systems Limited
1436,RAMKY,Ramky Infrastructure Limited
1437,RAMRAT,Ram Ratna Wires Limited
1438,RANASUG,Rana Sugars Limited
1439,RANEENGINE,Rane Engine Valve Limited
1440,RANEHOLDIN,Rane Holdings Limited
1441,RATEGAIN,Rategain Travel Technologies Limited
1442,RATNAMANI,Ratnamani Metals & Tubes Limited
1443,RATNAVEER,Ratnaveer Precision Engineering Limited
1444,RAYMOND,Raymond Limited
1445,RAYMONDLSL,Raymond Lifestyle Limited
1446,RBA,Restaurant Brands Asia Limited
1447,RBL,Rane Brake Lining Limited
1448,RBLBANK,RBL Bank Limited
1449,RBZJEWEL,RBZ Jewellers Limited
1450,RCF,Rashtriya Chemicals and Fertilizers Limited
1451,RECLTD,REC Limited
1452,REDINGTON,Redington Limited
1453,REDTAPE,Redtape Limited
1454,REFEX,Refex Industries Limited
1455,REGENCERAM,Regency Ceramics Limited
1456,RELAXO,Relaxo Footwears Limited
1457,RELCHEMQ,Reliance Chemotex Industries Limited
1458,RELIABLE,Reliable Data Services Limited
1459,RELIANCE,Reliance Industries Limited
1460,RELIGARE,Religare Enterprises Limited
1461,RELINFRA,Reliance Infrastructure Limited
1462,RELTD,Ravindra Energy Limited
1463,REMSONSIND,Remsons Industries Limited
1464,RENUKA,Shree Renuka Sugars Limited
1465,REPCOHOME,Repco Home Finance Limited
1466,REPL,Rudrabhishek Enterprises Limited
1467,REPRO,Repro India Limited
1468,RESPONIND,Responsive Industries Limited
1469,RETAIL,JHS Svendgaard Retail Ventures Limited
1470,REVATHIEQU,Revathi Equipment India Limited
1471,RGL,Renaissance Global Limited
1472,RHFL,Reliance Home Finance Limited
1473,RHIM,RHI MAGNESITA INDIA LIMITED
1474,RHL,Robust Hotels Limited
1475,RICOAUTO,Rico Auto Industries Limited
1476,RIIL,Reliance Industrial Infrastructure Limited
1477,RISHABH,Rishabh Instruments Limited
1478,RITCO,Ritco Logistics Limited
1479,RITES,RITES Limited
1480,RKDL,Ravi Kumar Distilleries Limited
1481,RKEC,RKEC Projects Limited
1482,RKFORGE,Ramkrishna Forgings Limited
1483,RKSWAMY,R K Swamy Limited
1484,RML,Rane (Madras) Limited
1485,ROHLTD,Royal Orchid Hotels Limited
1486,ROLEXRINGS,Rolex Rings Limited
1487,ROLLT,Rollatainers Limited
1488,ROML,Raj Oil Mills Limited
1489,ROSSARI,Rossari Biotech Limited
1490,ROSSELLIND,Rossell India Limited
1491,ROTO,Roto Pumps Limited
1492,ROUTE,ROUTE MOBILE LIMITED
1493,RPEL,Raghav Productivity Enhancers Limited
1494,RPGLIFE,RPG Life Sciences Limited
1495,RPOWER,Reliance Power Limited
1496,RPPINFRA,R.P.P. Infra Projects Limited
1497,RPPL,Rajshree Polypack Limited
1498,RPSGVENT,RPSG VENTURES LIMITED
1499,RPTECH,Rashi Peripherals Limited
1500,RRKABEL,R R Kabel Limited
1501,RSSOFTWARE,R. S. Software (India) Limited
1502,RSWM,RSWM Limited
1503,RSYSTEMS,R Systems International Limited
1504,RTNINDIA,RattanIndia Enterprises Limited
1505,RTNPOWER,RattanIndia Power Limited
1506,RUBFILA,Rubfila International Limited
1507,RUBYMILLS,The Ruby Mills Limited
1508,RUCHINFRA,Ruchi Infrastructure Limited
1509,RUCHIRA,Ruchira Papers Limited
1510,RUPA,Rupa & Company Limited
1511,RUSHIL,Rushil Decor Limited
1512,RUSTOMJEE,Keystone Realtors Limited
1513,RVHL,Ravinder Heights Limited
1514,RVNL,Rail Vikas Nigam Limited
1515,S&SPOWER,S&S Power Switchgears Limited
1516,SABEVENTS,Sab Events & Governance Now Media Limited
1517,SABTNL,Sri Adhikari Brothers Television Network Limited
1518,SADBHAV,Sadbhav Engineering Limited
1519,SADBHIN,Sadbhav Infrastructure Project Limited
1520,SADHNAN-RE,Sadhana Nitrochem Ltd-RE
1521,SADHNANIQ,Sadhana Nitrochem Limited
1522,SAFARI,Safari Industries (India) Limited
1523,SAGARDEEP,Sagardeep Alloys Limited
1524,SAGCEM,Sagar Cements Limited
1525,SAH,Sah Polymers Limited
1526,SAHYADRI,Sahyadri Industries Limited
1527,SAIL,Steel Authority of India Limited
1528,SAKAR,Sakar Healthcare Limited
1529,SAKHTISUG,Sakthi Sugars Limited
1530,SAKSOFT,Saksoft Limited
1531,SAKUMA,Sakuma Exports Limited
1532,SALASAR,Salasar Techno Engineering Limited
1533,SALONA,Salona Cotspin Limited
1534,SALSTEEL,S.A.L. Steel Limited
1535,SALZERELEC,Salzer Electronics Limited
1536,SAMBHAAV,Sambhaav Media Limited
1537,SAMHI,Samhi Hotels Limited
1538,SAMMAANCAP,Sammaan Capital Limited
1539,SAMPANN,Sampann Utpadan India Limited
1540,SANCO,Sanco Industries Limited
1541,SANDESH,The Sandesh Limited
1542,SANDHAR,Sandhar Technologies Limited
1543,SANDUMA,Sandur Manganese & Iron Ores Limited
1544,SANGAMIND,Sangam (India) Limited
1545,SANGHIIND,Sanghi Industries Limited
1546,SANGHVIMOV,Sanghvi Movers Limited
1547,SANGINITA,Sanginita Chemicals Limited
1548,SANOFI,Sanofi India Limited
1549,SANOFICONR,Sanofi Consumer Healthcare India Limited
1550,SANSERA,Sansera Engineering Limited
1551,SANSTAR,Sanstar Limited
1552,SANWARIA,Sanwaria Consumer Limited
1553,SAPPHIRE,Sapphire Foods India Limited
1554,SARDAEN,Sarda Energy & Minerals Limited
1555,SAREGAMA,Saregama India Limited
1556,SARLAPOLY,Sarla Performance Fibers Limited
1557,SARVESHWAR,Sarveshwar Foods Limited
1558,SASKEN,Sasken Technologies Limited
1559,SASTASUNDR,Sastasundar Ventures Limited
1560,SATIA,Satia Industries Limited
1561,SATIN,Satin Creditcare Network Limited
1562,SATINDLTD,Sat Industries Limited
1563,SAURASHCEM,Saurashtra Cement Limited
1564,SBC,SBC Exports Limited
1565,SBCL,Shivalik Bimetal Controls Limited
1566,SBFC,SBFC Finance Limited
1567,SBGLP,Suratwwala Business Group Limited
1568,SBICARD,SBI Cards and Payment Services Limited
1569,SBILIFE,SBI Life Insurance Company Limited
1570,SBIN,State Bank of India
1571,SCHAEFFLER,Schaeffler India Limited
1572,SCHAND,S Chand And Company Limited
1573,SCHNEIDER,Schneider Electric Infrastructure Limited
1574,SCI,Shipping Corporation Of India Limited
1575,SCILAL,Shipping Corporation of India Land and Assets Limited
1576,SCPL,Sheetal Cool Products Limited
1577,SDBL,Som Distilleries & Breweries Limited
1578,SEAMECLTD,Seamec Limited
1579,SECMARK,SecMark Consultancy Limited
1580,SECURCRED,SecUR Credentials Limited
1581,SECURKLOUD,SECUREKLOUD TECHNOLOGIES LIMITED
1582,SEJALLTD,Sejal Glass Limited
1583,SELAN,Selan Exploration Technology Limited
1584,SELMC,SEL Manufacturing Company Limited
1585,SEMAC,SEMAC CONSULTANTS LIMITED
1586,SENCO,Senco Gold Limited
1587,SEPC,SEPC Limited
1588,SEQUENT,Sequent Scientific Limited
1589,SERVOTECH,Servotech Power Systems Limited
1590,SESHAPAPER,Seshasayee Paper and Boards Limited
1591,SETCO,Setco Automotive Limited
1592,SETUINFRA,Setubandhan Infrastructure Limited
1593,SFL,Sheela Foam Limited
1594,SGIL,Synergy Green Industries Limited
1595,SGIL-RE,Synergy Green Ind Ltd-RE
1596,SGL,STL Global Limited
1597,SHAH,Shah Metacorp Limited
1598,SHAHALLOYS,Shah Alloys Limited
1599,SHAILY,Shaily Engineering Plastics Limited
1600,SHAKTIPUMP,Shakti Pumps (India) Limited
1601,SHALBY,Shalby Limited
1602,SHALPAINTS,Shalimar Paints Limited
1603,SHANKARA,Shankara Building Products Limited
1604,SHANTI,Shanti Overseas (India) Limited
1605,SHANTIGEAR,Shanthi Gears Limited
1606,SHARDACROP,Sharda Cropchem Limited
1607,SHARDAMOTR,Sharda Motor Industries Limited
1608,SHAREINDIA,Share India Securities Limited
1609,SHEKHAWATI,Shekhawati Industries Limited
1610,SHEMAROO,Shemaroo Entertainment Limited
1611,SHILPAMED,Shilpa Medicare Limited
1612,SHIVALIK,Shivalik Rasayan Limited
1613,SHIVAMAUTO,Shivam Autotech Limited
1614,SHIVAMILLS,Shiva Mills Limited
1615,SHIVATEX,Shiva Texyarn Limited
1616,SHK,S H Kelkar and Company Limited
1617,SHOPERSTOP,Shoppers Stop Limited
1618,SHRADHA,Shradha Infraprojects Limited
1619,SHREDIGCEM,Shree Digvijay Cement Co.Ltd
1620,SHREECEM,SHREE CEMENT LIMITED
1621,SHREEPUSHK,Shree Pushkar Chemicals & Fertilisers Limited
1622,SHREERAMA,Shree Rama Multi-Tech Limited
1623,SHRENIK,Shrenik Limited
1624,SHREYANIND,Shreyans Industries Limited
1625,SHREYAS,Shreyas Shipping & Logistics Limited
1626,SHRIPISTON,Shriram Pistons & Rings Limited
1627,SHRIRAMFIN,Shriram Finance Limited
1628,SHRIRAMPPS,Shriram Properties Limited
1629,SHYAMCENT,Shyam Century Ferrous Limited
1630,SHYAMMETL,Shyam Metalics and Energy Limited
1631,SHYAMTEL,Shyam Telecom Limited
1632,SIEMENS,Siemens Limited
1633,SIGACHI,Sigachi Industries Limited
1634,SIGIND,Signet Industries Limited
1635,SIGMA,Sigma Solve Limited
1636,SIGNATURE,Signatureglobal (India) Limited
1637,SIGNPOST,Signpost India Limited
1638,SIKKO,Sikko Industries Limited
1639,SIL,Standard Industries Limited
1640,SILGO,Silgo Retail Limited
1641,SILINV,SIL Investments Limited
1642,SILLYMONKS,Silly Monks Entertainment Limited
1643,SILVERTUC,Silver Touch Technologies Limited
1644,SIMBHALS,Simbhaoli Sugars Limited
1645,SIMPLEXINF,Simplex Infrastructures Limited
1646,SINCLAIR,Sinclairs Hotels Limited
1647,SINDHUTRAD,Sindhu Trade Links Limited
1648,SINTERCOM,Sintercom India Limited
1649,SIRCA,Sirca Paints India Limited
1650,SIS,SIS LIMITED
1651,SITINET,Siti Networks Limited
1652,SIYSIL,Siyaram Silk Mills Limited
1653,SJS,S.J.S. Enterprises Limited
1654,SJVN,SJVN Limited
1655,SKFINDIA,SKF India Limited
1656,SKIPPER,Skipper Limited
1657,SKMEGGPROD,SKM Egg Products Export (India) Limited
1658,SKYGOLD,Sky Gold Limited
1659,SMARTLINK,Smartlink Holdings Limited
1660,SMCGLOBAL,SMC Global Securities Limited
1661,SMLISUZU,SML Isuzu Limited
1662,SMLT,Sarthak Metals Limited
1663,SMSLIFE,SMS Lifesciences India Limited
1664,SMSPHARMA,SMS Pharmaceuticals Limited
1665,SNOWMAN,Snowman Logistics Limited
1666,SOBHA,Sobha Limited
1667,SOFTTECH,Softtech Engineers Limited
1668,SOLARA,Solara Active Pharma Sciences Limited
1669,SOLARINDS,Solar Industries India Limited
1670,SOMANYCERA,Somany Ceramics Limited
1671,SOMATEX,Soma Textiles & Industries Limited
1672,SOMICONVEY,Somi Conveyor Beltings Limited
1673,SONACOMS,Sona BLW Precision Forgings Limited
1674,SONAMLTD,SONAM LIMITED
1675,SONATSOFTW,Sonata Software Limited
1676,SOTL,Savita Oil Technologies Limited
1677,SOUTHBANK,The South Indian Bank Limited
1678,SOUTHWEST,South West Pinnacle Exploration Limited
1679,SPAL,S. P. Apparels Limited
1680,SPANDANA,Spandana Sphoorty Financial Limited
1681,SPARC,Sun Pharma Advanced Research Company Limited
1682,SPCENET,Spacenet Enterprises India Limited
1683,SPECIALITY,Speciality Restaurants Limited
1684,SPENCERS,Spencer's Retail Limited
1685,SPIC,Southern Petrochemicals Industries Corporation  Limited
1686,SPLIL,SPL Industries Limited
1687,SPLPETRO,Supreme Petrochem Limited
1688,SPMLINFRA,SPML Infra Limited
1689,SPORTKING,Sportking India Limited
1690,SREEL,Sreeleathers Limited
1691,SRF,SRF Limited
1692,SRGHFL,SRG Housing Finance Limited
1693,SRHHYPOLTD,Sree Rayalaseema Hi-Strength Hypo Limited
1694,SRM,SRM Contractors Limited
1695,SRPL,Shree Ram Proteins Limited
1696,SSDL,Saraswati Saree Depot Limited
1697,SSWL,Steel Strips Wheels Limited
1698,STANLEY,Stanley Lifestyles Limited
1699,STAR,Strides Pharma Science Limited
1700,STARCEMENT,Star Cement Limited
1701,STARHEALTH,Star Health and Allied Insurance Company Limited
1702,STARPAPER,Star Paper Mills Limited
1703,STARTECK,Starteck Finance Limited
1704,STCINDIA,The State Trading Corporation of India Limited
1705,STEELCAS,Steelcast Limited
1706,STEELCITY,Steel City Securities Limited
1707,STEELXIND,STEEL EXCHANGE INDIA LIMITED
1708,STEL,Stel Holdings Limited
1709,STERTOOLS,Sterling Tools Limited
1710,STLTECH,Sterlite Technologies Limited
1711,STOVEKRAFT,Stove Kraft Limited
1712,STYLAMIND,Stylam Industries Limited
1713,STYLEBAAZA,Baazar Style Retail Limited
1714,STYRENIX,Styrenix Performance Materials Limited
1715,SUBEXLTD,Subex Limited
1716,SUBROS,Subros Limited
1717,SUDARSCHEM,Sudarshan Chemical Industries Limited
1718,SUKHJITS,Sukhjit Starch & Chemicals Limited
1719,SULA,Sula Vineyards Limited
1720,SUMEETINDS,Sumeet Industries Limited
1721,SUMICHEM,Sumitomo Chemical India Limited
1722,SUMIT,Sumit Woods Limited
1723,SUMMITSEC,Summit Securities Limited
1724,SUNCLAY,Sundaram Clayton Limited
1725,SUNDARAM,Sundaram Multi Pap Limited
1726,SUNDARMFIN,Sundaram Finance Limited
1727,SUNDARMHLD,Sundaram Finance Holdings Limited
1728,SUNDRMBRAK,Sundaram Brake Linings Limited
1729,SUNDRMFAST,Sundram Fasteners Limited
1730,SUNFLAG,Sunflag Iron And Steel Company Limited
1731,SUNPHARMA,Sun Pharmaceutical Industries Limited
1732,SUNTECK,Sunteck Realty Limited
1733,SUNTV,Sun TV Network Limited
1734,SUPERHOUSE,Superhouse Limited
1735,SUPERSPIN,Super Spinning Mills Limited
1736,SUPRAJIT,Suprajit Engineering Limited
1737,SUPREMEENG,Supreme Engineering Limited
1738,SUPREMEIND,Supreme Industries Limited
1739,SUPREMEINF,Supreme Infrastructure India Limited
1740,SUPRIYA,Supriya Lifescience Limited
1741,SURAJEST,Suraj Estate Developers Limited
1742,SURAJLTD,Suraj Limited
1743,SURANASOL,Surana Solar Limited
1744,SURANAT&P,Surana Telecom and Power Limited
1745,SURYALAXMI,Suryalakshmi Cotton Mills Limited
1746,SURYAROSNI,Surya Roshni Limited
1747,SURYODAY,Suryoday Small Finance Bank Limited
1748,SUTLEJTEX,Sutlej Textiles and Industries Limited
1749,SUULD,Suumaya Industries Limited
1750,SUVEN,Suven Life Sciences Limited
1751,SUVENPHAR,Suven Pharmaceuticals Limited
1752,SUVIDHAA,Suvidhaa Infoserve Limited
1753,SUYOG,Suyog Telematics Limited
1754,SUZLON,Suzlon Energy Limited
1755,SVLL,Shree Vasu Logistics Limited
1756,SVPGLOB,SVP GLOBAL TEXTILES LIMITED
1757,SWANENERGY,Swan Energy Limited
1758,SWARAJENG,Swaraj Engines Limited
1759,SWELECTES,Swelect Energy Systems Limited
1760,SWSOLAR,Sterling and Wilson Renewable Energy Limited
1761,SYMPHONY,Symphony Limited
1762,SYNCOMF,Syncom Formulations (India) Limited
1763,SYNGENE,Syngene International Limited
1764,SYRMA,Syrma SGS Technology Limited
1765,TAINWALCHM,Tainwala Chemical and Plastic (I) Limited
1766,TAJGVK,Taj GVK Hotels & Resorts Limited
1767,TAKE,Take Solutions Limited
1768,TALBROAUTO,Talbros Automotive Components Limited
1769,TANLA,Tanla Platforms Limited
1770,TARACHAND,Tara Chand InfraLogistic Solutions Limited
1771,TARAPUR,Tarapur Transformers Limited
1772,TARC,Anant Raj Global Limited
1773,TARIL,Transformers And Rectifiers (India) Limited
1774,TARMAT,Tarmat Limited
1775,TARSONS,Tarsons Products Limited
1776,TASTYBITE,Tasty Bite Eatables Limited
1777,TATACHEM,Tata Chemicals Limited
1778,TATACOMM,Tata Communications Limited
1779,TATACONSUM,TATA CONSUMER PRODUCTS LIMITED
1780,TATAELXSI,Tata Elxsi Limited
1781,TATAINVEST,Tata Investment Corporation Limited
1782,TATAMOTORS,Tata Motors Limited
1783,TATAPOWER,Tata Power Company Limited
1784,TATASTEEL,Tata Steel Limited
1785,TATATECH,Tata Technologies Limited
1786,TATVA,Tatva Chintan Pharma Chem Limited
1787,TBOTEK,TBO Tek Limited
1788,TBZ,Tribhovandas Bhimji Zaveri Limited
1789,TCI,Transport Corporation of India Limited
1790,TCIEXP,TCI Express Limited
1791,TCIFINANCE,TCI Finance Limited
1792,TCLCONS,Tantia Constructions Limited
1793,TCPLPACK,TCPL Packaging Limited
1794,TCS,Tata Consultancy Services Limited
1795,TDPOWERSYS,TD Power Systems Limited
1796,TEAMLEASE,Teamlease Services Limited
1797,TECHIN,Techindia Nirman Limited
1798,TECHM,Tech Mahindra Limited
1799,TECHNOE,Techno Electric & Engineering Company Limited
1800,TECILCHEM,TECIL Chemicals and Hydro Power Limited
1801,TEGA,Tega Industries Limited
1802,TEJASNET,Tejas Networks Limited
1803,TEMBO,Tembo Global Industries Limited
1804,TERASOFT,Tera Software Limited
1805,TEXINFRA,Texmaco Infrastructure & Holdings Limited
1806,TEXMOPIPES,Texmo Pipes and Products Limited
1807,TEXRAIL,Texmaco Rail & Engineering Limited
1808,TFCILTD,Tourism Finance Corporation of India Limited
1809,TFL,Transwarranty Finance Limited
1810,TGBHOTELS,TGB Banquets And Hotels Limited
1811,THANGAMAYL,Thangamayil Jewellery Limited
1812,THEINVEST,The Investment Trust Of India Limited
1813,THEJO,Thejo Engineering Limited
1814,THEMISMED,Themis Medicare Limited
1815,THERMAX,Thermax Limited
1816,THOMASCOOK,Thomas Cook  (India)  Limited
1817,THOMASCOTT,Thomas Scott (India) Limited
1818,THYROCARE,Thyrocare Technologies Limited
1819,TI,Tilaknagar Industries Limited
1820,TIDEWATER,Tide Water Oil Company (India) Limited
1821,TIIL,Technocraft Industries (India) Limited
1822,TIINDIA,Tube Investments of India Limited
1823,TIJARIA,Tijaria Polypipes Limited
1824,TIL,TIL Limited
1825,TIMESGTY,Times Guaranty Limited
1826,TIMETECHNO,Time Technoplast Limited
1827,TIMKEN,Timken India Limited
1828,TIPSFILMS,Tips Films Limited
1829,TIPSINDLTD,TIPS Industries Limited
1830,TIRUMALCHM,Thirumalai Chemicals Limited
1831,TIRUPATIFL,Tirupati Forge Limited
1832,TITAGARH,TITAGARH RAIL SYSTEMS LIMITED
1833,TITAN,Titan Company Limited
1834,TMB,Tamilnad Mercantile Bank Limited
1835,TNPETRO,Tamilnadu PetroProducts Limited
1836,TNPL,Tamil Nadu Newsprint & Papers Limited
1837,TNTELE,Tamilnadu Telecommunication Limited
1838,TOKYOPLAST,Tokyo Plast International Limited
1839,TOLINS,Tolins Tyres Limited
1840,TORNTPHARM,Torrent Pharmaceuticals Limited
1841,TORNTPOWER,Torrent Power Limited
1842,TOTAL,Total Transport Systems Limited
1843,TOUCHWOOD,Touchwood Entertainment Limited
1844,TPHQ,Teamo Productions HQ Limited
1845,TPLPLASTEH,TPL Plastech Limited
1846,TRACXN,Tracxn Technologies Limited
1847,TREEHOUSE,Tree House Education & Accessories Limited
1848,TREJHARA,TREJHARA SOLUTIONS LIMITED
1849,TREL,Transindia Real Estate Limited
1850,TRENT,Trent Limited
1851,TRF,TRF Limited
1852,TRIDENT,Trident Limited
1853,TRIGYN,Trigyn Technologies Limited
1854,TRITURBINE,Triveni Turbine Limited
1855,TRIVENI,Triveni Engineering & Industries Limited
1856,TRU,TruCap Finance Limited
1857,TTKHLTCARE,TTK Healthcare Limited
1858,TTKPRESTIG,TTK Prestige Limited
1859,TTL,T T Limited
1860,TTML,Tata Teleservices (Maharashtra) Limited
1861,TV18BRDCST,TV18 Broadcast Limited
1862,TVSELECT,TVS Electronics Limited
1863,TVSHLTD,TVS Holdings Limited
1864,TVSMOTOR,TVS Motor Company Limited
1865,TVSSCS,TVS Supply Chain Solutions Limited
1866,TVSSRICHAK,TVS Srichakra Limited
1867,TVTODAY,TV Today Network Limited
1868,TVVISION,TV Vision Limited
1869,UBL,United Breweries Limited
1870,UCAL,UCAL LIMITED
1871,UCOBANK,UCO Bank
1872,UDAICEMENT,Udaipur Cement Works Limited
1873,UDS,Updater Services Limited
1874,UFLEX,UFLEX Limited
1875,UFO,UFO Moviez India Limited
1876,UGARSUGAR,The Ugar Sugar Works Limited
1877,UGROCAP,Ugro Capital Limited
1878,UJJIVANSFB,Ujjivan Small Finance Bank Limited
1879,ULTRACEMCO,UltraTech Cement Limited
1880,UMAEXPORTS,Uma Exports Limited
1881,UMANGDAIRY,Umang Dairies Limited
1882,UMESLTD,Usha Martin Education & Solutions Limited
1883,UNICHEMLAB,Unichem Laboratories Limited
1884,UNIDT,United Drilling Tools Limited
1885,UNIECOM,Unicommerce Esolutions Limited
1886,UNIENTER,Uniphos Enterprises Limited
1887,UNIINFO,Uniinfo Telecom Services Limited
1888,UNIONBANK,Union Bank of India
1889,UNIPARTS,Uniparts India Limited
1890,UNITDSPR,United Spirits Limited
1891,UNITECH,Unitech Limited
1892,UNITEDPOLY,United Polyfab Gujarat Limited
1893,UNITEDTEA,The United Nilgiri Tea Estates Company Limited
1894,UNIVASTU,Univastu India Limited
1895,UNIVCABLES,Universal Cables Limited
1896,UNIVPHOTO,Universus Photo Imagings Limited
1897,UNOMINDA,UNO Minda Limited
1898,UPL,UPL Limited
1899,URAVI,Uravi T and Wedge Lamps Limited
1900,URJA,Urja Global Limited
1901,USHAMART,Usha Martin Limited
1902,USK,Udayshivakumar Infra Limited
1903,UTIAMC,UTI Asset Management Company Limited
1904,UTKARSHBNK,Utkarsh Small Finance Bank Limited
1905,UTTAMSUGAR,Uttam Sugar Mills Limited
1906,V2RETAIL,V2 Retail Limited
1907,VADILALIND,Vadilal Industries Limited
1908,VAIBHAVGBL,Vaibhav Global Limited
1909,VAISHALI,Vaishali Pharma Limited
1910,VAKRANGEE,Vakrangee Limited
1911,VALIANTLAB,Valiant Laboratories Limited
1912,VALIANTORG,Valiant Organics Limited
1913,VARDHACRLC,Vardhman Acrylics Limited
1914,VARDM-RE,Vardhman Polytex Ltd-RE
1915,VARDMNPOLY,Vardhman Polytex Limited
1916,VARROC,Varroc Engineering Limited
1917,VASCONEQ,Vascon Engineers Limited
1918,VASWANI,Vaswani Industries Limited
1919,VBL,Varun Beverages Limited
1920,VCL,Vaxtex Cotfab Limited
1921,VEDL,Vedanta Limited
1922,VENKEYS,Venky's (India) Limited
1923,VENUSPIPES,Venus Pipes & Tubes Limited
1924,VENUSREM,Venus Remedies Limited
1925,VERANDA,Veranda Learning Solutions Limited
1926,VERTOZ,Vertoz Limited
1927,VESUVIUS,Vesuvius India Limited
1928,VETO,Veto Switchgears And Cables Limited
1929,VGUARD,V-Guard Industries Limited
1930,VHL,Vardhman Holdings Limited
1931,VHLTD,Viceroy Hotels Limited
1932,VIDHIING,Vidhi Specialty Food Ingredients Limited
1933,VIJAYA,Vijaya Diagnostic Centre Limited
1934,VIJIFIN,Viji Finance Limited
1935,VIKASECO,Vikas EcoTech Limited
1936,VIKASLIFE,Vikas Lifecare Limited
1937,VIMTALABS,Vimta Labs Limited
1938,VINATIORGA,Vinati Organics Limited
1939,VINDHYATEL,Vindhya Telelinks Limited
1940,VINEETLAB,Vineet Laboratories Limited
1941,VINNY,Vinny Overseas Limited
1942,VINYLINDIA,Vinyl Chemicals (India) Limited
1943,VIPCLOTHNG,VIP Clothing Limited
1944,VIPIND,VIP Industries Limited
1945,VIPULLTD,Vipul Limited
1946,VIRINCHI,Virinchi Limited
1947,VISAKAIND,Visaka Industries Limited
1948,VISHNU,Vishnu Chemicals Limited
1949,VISHWARAJ,Vishwaraj Sugar Industries Limited
1950,VIVIDHA,Visagar Polytex Limited
1951,VLEGOV,VL E-Governance & IT Solutions Limited
1952,VLSFINANCE,VLS Finance Limited
1953,VMART,V-Mart Retail Limited
1954,VOLTAMP,Voltamp Transformers Limited
1955,VOLTAS,Voltas Limited
1956,VPRPL,Vishnu Prakash R Punglia Limited
1957,VRAJ,Vraj Iron and Steel Limited
1958,VRLLOG,VRL Logistics Limited
1959,VSSL,Vardhman Special Steels Limited
1960,VSTIND,VST Industries Limited
1961,VSTL,Vibhor Steel Tubes Limited
1962,VSTTILLERS,V.S.T Tillers Tractors Limited
1963,VTL,Vardhman Textiles Limited
1964,WABAG,VA Tech Wabag Limited
1965,WALCHANNAG,Walchandnagar Industries Limited
1966,WANBURY,Wanbury Limited
1967,WAAREEENER,Waaree Energies Limited
1968,WCIL,Western Carriers (India) Limited
1969,WEALTH,Wealth First Portfolio Managers Limited
1970,WEBELSOLAR,Websol Energy System Limited
1971,WEIZMANIND,Weizmann Limited
1972,WEL,Wonder Electricals Limited
1973,WELCORP,Welspun Corp Limited
1974,WELENT,Welspun Enterprises Limited
1975,WELINV,Welspun Investments and Commercials Limited
1976,WELSPUNLIV,Welspun Living Limited
1977,WENDT,Wendt (India) Limited
1978,WESTLIFE,WESTLIFE FOODWORLD LIMITED
1979,WEWIN,WE WIN LIMITED
1980,WHEELS,Wheels India Limited
1981,WHIRLPOOL,Whirlpool of India Limited
1982,WILLAMAGOR,Williamson Magor & Company Limited
1983,WINDLAS,Windlas Biotech Limited
1984,WINDMACHIN,Windsor Machines Limited
1985,WINSOME,Winsome Yarns Limited
1986,WIPL,The Western India Plywoods Limited
1987,WIPRO,Wipro Limited
1988,WOCKPHARMA,Wockhardt Limited
1989,WONDERLA,Wonderla Holidays Limited
1990,WORTH,Worth Peripherals Limited
1991,WSI,W S Industries (I) Limited
1992,WSTCSTPAPR,West Coast Paper Mills Limited
1993,XCHANGING,Xchanging Solutions Limited
1994,XELPMOC,Xelpmoc Design And Tech Limited
1995,XPROINDIA,Xpro India Limited
1996,XTGLOBAL,Xtglobal Infotech Limited
1997,YAARI,Yaari Digital Integrated Services Limited
1998,YASHO,Yasho Industries Limited
1999,YATHARTH,Yatharth Hospital & Trauma Care Services Limited
2000,YATRA,Yatra Online Limited
2001,YESBANK,Yes Bank Limited
2002,YUKEN,Yuken India Limited
2003,ZAGGLE,Zaggle Prepaid Ocean Services Limited
2004,ZEEL,Zee Entertainment Enterprises Limited
2005,ZEELEARN,Zee Learn Limited
2006,ZEEMEDIA,Zee Media Corporation Limited
2007,ZENITHEXPO,Zenith Exports Limited
2008,ZENITHSTL,Zenith Steel Pipes & Industries Limited
2009,ZENSARTECH,Zensar Technologies Limited
2010,ZENTEC,Zen Technologies Limited
2011,ZFCVINDIA,ZF Commercial Vehicle Control Systems India Limited
2012,ZIMLAB,Zim Laboratories Limited
2013,ZODIAC,Zodiac Energy Limited
2014,ZODIACLOTH,Zodiac Clothing Company Limited
2015,ZOMATO,Zomato Limited
2016,ZOTA,Zota Health Care LImited
2017,ZUARI,Zuari Agro Chemicals Limited
2018,ZUARIIND,ZUARI INDUSTRIES LIMITED
2019,ZYDUSLIFE,Zydus Lifesciences Limited
2020,ZYDUSWELL,Zydus Wellness Limited
