Symbol,Name of Company
360ONE,360 ONE WAM LIMITED
3IINFOLTD,3i Infotech Limited
3MINDIA,3M India Limited
5PAISA,5Paisa Capital Limited
AARTIDRUGS,Aarti Drugs Limited
AARTIIND,Aarti Industries Limited
AARTIPHARM,Aarti Pharmalabs Limited
AARTISURF,Aarti Surfactants Limited
AARVI,Aarvi Encon Limited
AAVAS,Aavas Financiers Limited
ABB,ABB India Limited
ABBOTINDIA,Abbott India Limited
ABCAPITAL,Aditya Birla Capital Limited
ABFRL,Aditya Birla Fashion and Retail Limited
ABSLAMC,Aditya Birla Sun Life AMC Limited
ACC,ACC Limited
ACCELYA,Accelya Solutions India Limited
ACE,Action Construction Equipment Limited
ACI,Archean Chemical Industries Limited
ACLGATI,Allcargo Gati Limited
ADANIENSOL,Adani Energy Solutions Limited
ADANIENT,Adani Enterprises Limited
ADANIGREEN,Adani Green Energy Limited
ADANIPORTS,Adani Ports and Special Economic Zone Limited
ADFFOODS,ADF Foods Limited
ADORWELD,Ador Welding Limited
ADSL,Allied Digital Services Limited
ADVANIHOTR,Advani Hotels & Resorts (India) Limited
ADVENZYMES,Advanced Enzyme Technologies Limited
AEGISLOG,Aegis Logistics Limited
AEROFLEX,Aeroflex Industries Limited
AETHER,Aether Industries Limited
AFFLE,Affle (India) Limited
AGARIND,Agarwal Industrial Corporation Limited
AGI,AGI Greenpac Limited
AGROPHOS,Agro Phos India Limited
AHL,Abans Holdings Limited
AHLEAST,Asian Hotels (East) Limited
AHLUCONT,Ahluwalia Contracts (India) Limited
AIAENG,AIA Engineering Limited
AJANTPHARM,Ajanta Pharma Limited
AJMERA,Ajmera Realty & Infra India Limited
AKG,Akg Exim Limited
AKZOINDIA,Akzo Nobel India Limited
ALBERTDAVD,Albert David Limited
ALEMBICLTD,Alembic Limited
ALICON,Alicon Castalloy Limited
ALKALI,Alkali Metals Limited
ALKEM,Alkem Laboratories Limited
ALKYLAMINE,Alkyl Amines Chemicals Limited
ALLCARGO,Allcargo Logistics Limited
ALLSEC,Allsec Technologies Limited
ALPA,Alpa Laboratories Limited
AMBER,Amber Enterprises India Limited
AMBIKCO,Ambika Cotton Mills Limited
AMBUJACEM,Ambuja Cements Limited
AMIORG,Ami Organics Limited
AMRUTANJAN,Amrutanjan Health Care Limited
ANANDRATHI,Anand Rathi Wealth Limited
ANANTRAJ,Anant Raj Limited
ANDHRAPAP,ANDHRA PAPER LIMITED
ANDHRSUGAR,The Andhra Sugars Limited
ANGELONE,Angel One Limited
ANUP,The Anup Engineering Limited
ANURAS,Anupam Rasayan India Limited
APARINDS,Apar Industries Limited
APCL,Anjani Portland Cement Limited
APCOTEXIND,Apcotex Industries Limited
APEX,Apex Frozen Foods Limited
APLAPOLLO,APL Apollo Tubes Limited
APLLTD,Alembic Pharmaceuticals Limited
APOLLOHOSP,Apollo Hospitals Enterprise Limited
APOLLOPIPE,Apollo Pipes Limited
APOLLOTYRE,Apollo Tyres Limited
APTECHT,Aptech Limited
APTUS,Aptus Value Housing Finance India Limited
ARIES,Aries Agro Limited
ARIHANTCAP,Arihant Capital Markets Limited
ARIHANTSUP,Arihant Superstructures Limited
ARMANFIN,Arman Financial Services Limited
ARTEMISMED,Artemis Medicare Services Limited
ARVIND,Arvind Limited
ARVINDFASN,Arvind Fashions Limited
ARVSMART,Arvind SmartSpaces Limited
ASAHIINDIA,Asahi India Glass Limited
ASAHISONG,Asahi Songwon Colors Limited
ASAL,Automotive Stampings and Assemblies Limited
ASALCBR,Associated Alcohols & Breweries Ltd.
ASHIANA,Ashiana Housing Limited
ASHIMASYN,Ashima Limited
ASHOKA,Ashoka Buildcon Limited
ASHOKLEY,Ashok Leyland Limited
ASIANENE,Asian Energy Services Limited
ASIANPAINT,Asian Paints Limited
ASIANTILES,Asian Granito India Limited
ASPINWALL,Aspinwall and Company Limited
ASTEC,Astec LifeSciences Limited
ASTERDM,Aster DM Healthcare Limited
ASTRAL,Astral Limited
ASTRAMICRO,Astra Microwave Products Limited
ASTRAZEN,AstraZeneca Pharma India Limited
ATFL,Agro Tech Foods Limited
ATGL,Adani Total Gas Limited
ATL,Allcargo Terminals Limited
ATUL,Atul Limited
AUBANK,AU Small Finance Bank Limited
AUROPHARMA,Aurobindo Pharma Limited
AUTOAXLES,Automotive Axles Limited
AVADHSUGAR,Avadh Sugar & Energy Limited
AVALON,Avalon Technologies Limited
AVANTIFEED,Avanti Feeds Limited
AVG,AVG Logistics Limited
AVROIND,AVRO INDIA LIMITED
AVTNPL,AVT Natural Products Limited
AWHCL,Antony Waste Handling Cell Limited
AWL,Adani Wilmar Limited
AXISBANK,Axis Bank Limited
AYMSYNTEX,AYM Syntex Limited
BAJAJ-AUTO,Bajaj Auto Limited
BAJAJCON,Bajaj Consumer Care Limited
BAJAJELEC,Bajaj Electricals Limited
BAJAJFINSV,Bajaj Finserv Limited
BAJAJHCARE,Bajaj Healthcare Limited
BAJAJHIND,Bajaj Hindusthan Sugar Limited
BAJAJHLDNG,Bajaj Holdings & Investment Limited
BAJFINANCE,Bajaj Finance Limited
BALAJITELE,Balaji Telefilms Limited
BALAMINES,Balaji Amines Limited
BALAXI,BALAXI PHARMACEUTICALS LIMITED
BALKRISIND,Balkrishna Industries Limited
BALMLAWRIE,Balmer Lawrie & Company Limited
BALPHARMA,Bal Pharma Limited
BALRAMCHIN,Balrampur Chini Mills Limited
BANARBEADS,Banaras Beads Limited
BANARISUG,Bannari Amman Sugars Limited
BANCOINDIA,Banco Products (I) Limited
BANDHANBNK,Bandhan Bank Limited
BANKBARODA,Bank of Baroda
BANKINDIA,Bank of India
BANSWRAS,Banswara Syntex Limited
BARBEQUE,Barbeque Nation Hospitality Limited
BASF,BASF India Limited
BASML,Bannari Amman Spinning Mills Limited
BATAINDIA,Bata India Limited
BAYERCROP,Bayer Cropscience Limited
BBL,Bharat Bijlee Limited
BBTC,Bombay Burmah Trading Corporation Limited
BBTCL,B&B Triplewall Containers Limited
BCLIND,Bcl Industries Limited
BDL,Bharat Dynamics Limited
BECTORFOOD,Mrs. Bectors Food Specialities Limited
BEL,Bharat Electronics Limited
BEML,BEML Limited
BEPL,Bhansali Engineering Polymers Limited
BERGEPAINT,Berger Paints (I) Limited
BFINVEST,BF Investment Limited
BFUTILITIE,BF Utilities Limited
BHAGCHEM,Bhagiradha Chemicals & Industries Limited
BHAGERIA,Bhageria Industries Limited
BHARATFORG,Bharat Forge Limited
BHARATGEAR,Bharat Gears Limited
BHARATRAS,Bharat Rasayan Limited
BHARTIARTL,Bharti Airtel Limited
BHEL,Bharat Heavy Electricals Limited
BIGBLOC,Bigbloc Construction Limited
BIKAJI,Bikaji Foods International Limited
BIOCON,Biocon Limited
BIOFILCHEM,Biofil Chemicals & Pharmaceuticals Limited
BIRLACABLE,Birla Cable Limited
BIRLACORPN,Birla Corporation Limited
BLAL,BEML Land Assets Limited
BLISSGVS,Bliss GVS Pharma Limited
BLKASHYAP,B. L. Kashyap and Sons Limited
BLS,BLS International Services Limited
BLUEDART,Blue Dart Express Limited
BLUESTARCO,Blue Star Limited
BODALCHEM,Bodal Chemicals Limited
BOMDYEING,Bombay Dyeing & Mfg Company Limited
BOROLTD,Borosil Limited
BORORENEW,BOROSIL RENEWABLES LIMITED
BOSCHLTD,Bosch Limited
BPCL,Bharat Petroleum Corporation Limited
BRIGADE,Brigade Enterprises Limited
BRITANNIA,Britannia Industries Limited
BSE,BSE Limited
BSOFT,BIRLASOFT LIMITED
BUTTERFLY,Butterfly Gandhimathi Appliances Limited
CAMLINFINE,Camlin Fine Sciences Limited
CAMPUS,Campus Activewear Limited
CAMS,Computer Age Management Services Limited
CANBK,Canara Bank
CANFINHOME,Can Fin Homes Limited
CANTABIL,Cantabil Retail India Limited
CAPACITE,Capacit'e Infraprojects Limited
CAPLIPOINT,Caplin Point Laboratories Limited
CAPTRUST,Capital Trust Limited
CARBORUNIV,Carborundum Universal Limited
CARERATING,CARE Ratings Limited
CARTRADE,Cartrade Tech Limited
CARYSIL,CARYSIL LIMITED
CASTROLIND,Castrol India Limited
CCL,CCL Products (India) Limited
CDSL,Central Depository Services (India) Limited
CEATLTD,CEAT Limited
CENTENKA,Century Enka Limited
CENTRALBK,Central Bank of India
CENTRUM,Centrum Capital Limited
CENTURYPLY,Century Plyboards (India) Limited
CENTURYTEX,Century Textiles & Industries Limited
CERA,Cera Sanitaryware Limited
CESC,CESC Limited
CGCL,Capri Global Capital Limited
CGPOWER,CG Power and Industrial Solutions Limited
CHALET,Chalet Hotels Limited
CHAMBLFERT,Chambal Fertilizers & Chemicals Limited
CHEMBOND,Chembond Chemicals Ltd
CHEMCON,Chemcon Speciality Chemicals Limited
CHEMFAB,Chemfab Alkalis Limited
CHEMPLASTS,Chemplast Sanmar Limited
CHENNPETRO,Chennai Petroleum Corporation Limited
CHEVIOT,Cheviot Company Limited
CHOICEIN,Choice International Limited
CHOLAFIN,Cholamandalam Investment and Finance Company Limited
CHOLAHLDNG,Cholamandalam Financial Holdings Limited
CIEINDIA,CIE Automotive India Limited
CIGNITITEC,Cigniti Technologies Limited
CIPLA,Cipla Limited
CLEAN,Clean Science and Technology Limited
CLEDUCATE,CL Educate Limited
CLSEL,Chaman Lal Setia Exports Limited
CMSINFO,CMS Info Systems Limited
COALINDIA,Coal India Limited
COASTCORP,Coastal Corporation Limited
COCHINSHIP,Cochin Shipyard Limited
COFFEEDAY,Coffee Day Enterprises Limited
COFORGE,Coforge Limited
COLPAL,Colgate Palmolive (India) Limited
CONCOR,Container Corporation of India Limited
CONCORDBIO,Concord Biotech Limited
CONFIPET,Confidence Petroleum India Limited
CONTROLPR,Control Print Limited
COROMANDEL,Coromandel International Limited
COSMOFIRST,COSMO FIRST LIMITED
CRAFTSMAN,Craftsman Automation Limited
CREATIVE,Creative Newtech Limited
CREDITACC,CREDITACCESS GRAMEEN LIMITED
CREST,Crest Ventures Limited
CRISIL,CRISIL Limited
CROMPTON,Crompton Greaves Consumer Electricals Limited
CSBBANK,CSB Bank Limited
CSLFINANCE,CSL Finance Limited
CUB,City Union Bank Limited
CUMMINSIND,Cummins India Limited
CYIENT,Cyient Limited
CYIENTDLM,Cyient DLM Limited
DABUR,Dabur India Limited
DALBHARAT,Dalmia Bharat Limited
DALMIASUG,Dalmia Bharat Sugar and Industries Limited
DAMODARIND,Damodar Industries Limited
DATAMATICS,Datamatics Global Services Limited
DATAPATTNS,Data Patterns (India) Limited
DBL,Dilip Buildcon Limited
DBOL,Dhampur Bio Organics Limited
DBREALTY,Valor Estate Limited
DCAL,Dishman Carbogen Amcis Limited
DCBBANK,DCB Bank Limited
DCMSHRIRAM,DCM Shriram Limited
DCMSRIND,DCM Shriram Industries Limited
DCW,DCW Limited
DECCANCE,Deccan Cements Limited
DEEPAKFERT,Deepak Fertilizers and Petrochemicals Corporation Limited
DEEPAKNTR,Deepak Nitrite Limited
DEEPINDS,Deep Industries Limited
DELHIVERY,Delhivery Limited
DELTACORP,Delta Corp Limited
DEN,Den Networks Limited
DENORA,De Nora India Limited
DEVYANI,Devyani International Limited
DHAMPURSUG,Dhampur Sugar Mills Limited
DHANUKA,Dhanuka Agritech Limited
DHARMAJ,Dharmaj Crop Guard Limited
DHUNINV,Dhunseri Investments Limited
DIAMONDYD,Prataap Snacks Limited
DICIND,DIC India Limited
DISHTV,Dish TV India Limited
DIVGIITTS,Divgi Torqtransfer Systems Limited
DIVISLAB,Divi's Laboratories Limited
DIXON,Dixon Technologies (India) Limited
DLF,DLF Limited
DLINKINDIA,D-Link (India) Limited
DMART,Avenue Supermarts Limited
DMCC,DMCC SPECIALITY CHEMICALS LIMITED
DODLA,Dodla Dairy Limited
DOLATALGO,Dolat Algotech Limited
DOLLAR,Dollar Industries Limited
DONEAR,Donear Industries Limited
DPABHUSHAN,D. P. Abhushan Limited
DPSCLTD,DPSC Limited
DPWIRES,D P Wires Limited
DREAMFOLKS,Dreamfolks Services Limited
DRREDDY,Dr. Reddy's Laboratories Limited
DSSL,Dynacons Systems & Solutions Limited
DTIL,Dhunseri Tea & Industries Limited
DVL,Dhunseri Ventures Limited
DWARKESH,Dwarikesh Sugar Industries Limited
DYNAMATECH,Dynamatic Technologies Limited
EASEMYTRIP,Easy Trip Planners Limited
ECLERX,eClerx Services Limited
EDELWEISS,Edelweiss Financial Services Limited
EICHERMOT,Eicher Motors Limited
EIDPARRY,EID Parry India Limited
EIFFL,Euro India Fresh Foods Limited
EIHAHOTELS,EIH Associated Hotels Limited
EIHOTEL,EIH Limited
EKC,Everest Kanto Cylinder Limited
ELDEHSG,Eldeco Housing And Industries Limited
ELECON,Elecon Engineering Company Limited
ELECTCAST,Electrosteel Castings Limited
ELGIEQUIP,Elgi Equipments Limited
ELIN,Elin Electronics Limited
EMAMILTD,Emami Limited
EMAMIPAP,Emami Paper Mills Limited
EMBDL,Equinox India Developments Limited
EMMBI,Emmbi Industries Limited
EMUDHRA,eMudhra Limited
ENDURANCE,Endurance Technologies Limited
ENGINERSIN,Engineers India Limited
ENIL,Entertainment Network (India) Limited
EPIGRAL,Epigral Limited
EPL,EPL Limited
EQUITASBNK,Equitas Small Finance Bank Limited
ERIS,Eris Lifesciences Limited
EROSMEDIA,Eros International Media Limited
ESABINDIA,Esab India Limited
ESCORTS,Escorts Kubota Limited
ESTER,Ester Industries Limited
ETHOSLTD,Ethos Limited
EVEREADY,Eveready Industries India Limited
EVERESTIND,Everest Industries Limited
EXCELINDUS,Excel Industries Limited
EXIDEIND,Exide Industries Limited
EXPLEOSOL,Expleo Solutions Limited
EXXARO,Exxaro Tiles Limited
FACT,Fertilizers and Chemicals Travancore Limited
FAIRCHEMOR,Fairchem Organics Limited
FAZE3Q,Faze Three Limited
FCL,Fineotex Chemical Limited
FCSSOFT,FCS Software Solutions Limited
FDC,FDC Limited
FEDERALBNK,The Federal Bank  Limited
FIEMIND,Fiem Industries Limited
FILATEX,Filatex India Limited
FINCABLES,Finolex Cables Limited
FINEORG,Fine Organic Industries Limited
FINOPB,Fino Payments Bank Limited
FINPIPE,Finolex Industries Limited
FIVESTAR,Five-Star Business Finance Limited
FLUOROCHEM,Gujarat Fluorochemicals Limited
FMGOETZE,Federal-Mogul Goetze (India) Limited.
FOCUS,Focus Lighting and Fixtures Limited
FOODSIN,Foods & Inns Limited
FORTIS,Fortis Healthcare Limited
FOSECOIND,Foseco India Limited
FSL,Firstsource Solutions Limited
FUSION,Fusion Micro Finance Limited
GABRIEL,Gabriel India Limited
GAEL,Gujarat Ambuja Exports Limited
GAIL,GAIL (India) Limited
GALAXYSURF,Galaxy Surfactants Limited
GANDHITUBE,Gandhi Special Tubes Limited
GANECOS,Ganesha Ecosphere Limited
GANESHBE,Ganesh Benzoplast Limited
GANESHHOUC,Ganesh Housing Corporation Limited
GANGESSECU,Ganges Securities Limited
GARFIBRES,Garware Technical Fibres Limited
GATEWAY,Gateway Distriparks Limited
GEECEE,GeeCee Ventures Limited
GENESYS,Genesys International Corporation Limited
GENUSPAPER,Genus Paper & Boards Limited
GENUSPOWER,Genus Power Infrastructures Limited
GEOJITFSL,Geojit Financial Services Limited
GESHIP,The Great Eastern Shipping Company Limited
GFLLIMITED,GFL Limited
GHCL,GHCL Limited
GHCLTEXTIL,GHCL Textiles Limited
GICHSGFIN,GIC Housing Finance Limited
GICRE,General Insurance Corporation of India
GILLETTE,Gillette India Limited
GIPCL,Gujarat Industries Power Company Limited
GLAND,Gland Pharma Limited
GLAXO,GlaxoSmithKline Pharmaceuticals Limited
GLENMARK,Glenmark Pharmaceuticals Limited
GLOBUSSPR,Globus Spirits Limited
GLS,Glenmark Life Sciences Limited
GMBREW,GM Breweries Limited
GMDCLTD,Gujarat Mineral Development Corporation Limited
GMMPFAUDLR,GMM Pfaudler Limited
GMRINFRA,GMR Airports Infrastructure Limited
GMRP&UI,GMR Power and Urban Infra Limited
GNA,GNA Axles Limited
GNFC,Gujarat Narmada Valley Fertilizers and Chemicals Limited
GOACARBON,Goa Carbon Limited
GOCLCORP,GOCL Corporation Limited
GOCOLORS,Go Fashion (India) Limited
GODFRYPHLP,Godfrey Phillips India Limited
GODREJAGRO,Godrej Agrovet Limited
GODREJCP,Godrej Consumer Products Limited
GODREJIND,Godrej Industries Limited
GODREJPROP,Godrej Properties Limited
GOKEX,Gokaldas Exports Limited
GOKULAGRO,Gokul Agro Resources Limited
GOLDIAM,Goldiam International Limited
GOODLUCK,Goodluck India Limited
GPIL,Godawari Power And Ispat limited
GPPL,Gujarat Pipavav Port Limited
GRANULES,Granules India Limited
GRAPHITE,Graphite India Limited
GRASIM,Grasim Industries Limited
GRAVITA,Gravita India Limited
GREAVESCOT,Greaves Cotton Limited
GREENLAM,Greenlam Industries Limited
GREENPANEL,Greenpanel Industries Limited
GREENPLY,Greenply Industries Limited
GRINDWELL,Grindwell Norton Limited
GRINFRA,G R Infraprojects Limited
GRMOVER,GRM Overseas Limited
GROBTEA,The Grob Tea Company Limited
GRSE,Garden Reach Shipbuilders & Engineers Limited
GRWRHITECH,Garware Hi-Tech Films Limited
GSFC,Gujarat State Fertilizers & Chemicals Limited
GSLSU,Global Surfaces Limited
GSPL,Gujarat State Petronet Limited
GTLINFRA,GTL Infrastructure Limited
GTPL,GTPL Hathway Limited
GUFICBIO,Gufic Biosciences Limited
GUJALKALI,Gujarat Alkalies and Chemicals Limited
GUJGASLTD,Gujarat Gas Limited
GULFOILLUB,Gulf Oil Lubricants India Limited
GULPOLY,Gulshan Polyols Limited
HAL,Hindustan Aeronautics Limited
HAPPSTMNDS,Happiest Minds Technologies Limited
HARDWYN,Hardwyn India Limited
HARIOMPIPE,Hariom Pipe Industries Limited
HARSHA,Harsha Engineers International Limited
HATHWAY,Hathway Cable & Datacom Limited
HATSUN,Hatsun Agro Product Limited
HAVELLS,Havells India Limited
HBLPOWER,HBL Power Systems Limited
HCC,Hindustan Construction Company Limited
HCG,Healthcare Global Enterprises Limited
HCLTECH,HCL Technologies Limited
HDFCAMC,HDFC Asset Management Company Limited
HDFCBANK,HDFC Bank Limited
HDFCLIFE,HDFC Life Insurance Company Limited
HEG,HEG Limited
HEIDELBERG,HeidelbergCement India Limited
HEMIPROP,Hemisphere Properties India Limited
HERANBA,Heranba Industries Limited
HERCULES,Hercules Hoists Limited
HERITGFOOD,Heritage Foods Limited
HEROMOTOCO,Hero MotoCorp Limited
HESTERBIO,Hester Biosciences Limited
HEUBACHIND,Heubach Colorants India Limited
HEXATRADEX,Hexa Tradex Limited
HFCL,HFCL Limited
HGINFRA,H.G. Infra Engineering Limited
HGS,Hinduja Global Solutions Limited
HIKAL,Hikal Limited
HIL,HIL Limited
HILTON,Hilton Metal Forging Limited
HIMATSEIDE,Himatsingka Seide Limited
HINDALCO,Hindalco Industries Limited
HINDCOMPOS,Hindustan Composites Limited
HINDCOPPER,Hindustan Copper Limited
HINDMOTORS,Hindustan Motors Limited
HINDOILEXP,Hindustan Oil Exploration Company Limited
HINDPETRO,Hindustan Petroleum Corporation Limited
HINDUNILVR,Hindustan Unilever Limited
HINDWAREAP,Hindware Home Innovation Limited
HINDZINC,Hindustan Zinc Limited
HITECH,Hi-Tech Pipes Limited
HLEGLAS,HLE Glascoat Limited
HMAAGRO,HMA Agro Industries Limited
HNDFDS,Hindustan Foods Limited
HOMEFIRST,Home First Finance Company India Limited
HONAUT,Honeywell Automation India Limited
HONDAPOWER,Honda India Power Products Limited
HPAL,HP Adhesives Limited
HPL,HPL Electric & Power Limited
HTMEDIA,HT Media Limited
HUDCO,Housing & Urban Development Corporation Limited
HUHTAMAKI,Huhtamaki India Limited
ICEMAKE,Ice Make Refrigeration Limited
ICICIBANK,ICICI Bank Limited
ICICIGI,ICICI Lombard General Insurance Company Limited
ICICIPRULI,ICICI Prudential Life Insurance Company Limited
ICIL,Indo Count Industries Limited
ICRA,ICRA Limited
IDBI,IDBI Bank Limited
IDEA,Vodafone Idea Limited
IDEAFORGE,Ideaforge Technology Limited
IDFC,IDFC Limited
IDFCFIRSTB,IDFC First Bank Limited
IEX,Indian Energy Exchange Limited
IFBIND,IFB Industries Limited
IFCI,IFCI Limited
IFGLEXPOR,IFGL Refractories Limited
IGARASHI,Igarashi Motors India Limited
IGL,Indraprastha Gas Limited
IGPL,IG Petrochemicals Limited
IIFL,IIFL Finance Limited
IIFLSEC,IIFL Securities Limited
IKIO,IKIO Lighting Limited
IMAGICAA,Imagicaaworld Entertainment Limited
IMFA,Indian Metals & Ferro Alloys Limited
IMPAL,India Motor Parts and Accessories Limited
INDHOTEL,The Indian Hotels Company Limited
INDIACEM,The India Cements Limited
INDIAGLYCO,India Glycols Limited
INDIAMART,Indiamart Intermesh Limited
INDIANB,Indian Bank
INDIANCARD,Indian Card Clothing Company Limited
INDIANHUME,Indian Hume Pipe Company Limited
INDIGO,InterGlobe Aviation Limited
INDIGOPNTS,Indigo Paints Limited
INDNIPPON,India Nippon Electricals Limited
INDOAMIN,Indo Amines Limited
INDOCO,Indoco Remedies Limited
INDORAMA,Indo Rama Synthetics (India) Limited
INDSWFTLAB,Ind-Swift Laboratories Limited
INDTERRAIN,Indian Terrain Fashions Limited
INDUSINDBK,IndusInd Bank Limited
INDUSTOWER,Indus Towers Limited
INFIBEAM,Infibeam Avenues Limited
INFOBEAN,InfoBeans Technologies Limited
INFY,Infosys Limited
INGERRAND,Ingersoll Rand (India) Limited
INOXWIND,Inox Wind Limited
INSECTICID,Insecticides (India) Limited
INTELLECT,Intellect Design Arena Limited
INTLCONV,International Conveyors Limited
IOB,Indian Overseas Bank
IOC,Indian Oil Corporation Limited
IOLCP,IOL Chemicals and Pharmaceuticals Limited
IONEXCHANG,ION Exchange (India) Limited
IPCALAB,IPCA Laboratories Limited
IPL,India Pesticides Limited
IRB,IRB Infrastructure Developers Limited
IRCON,Ircon International Limited
IRCTC,Indian Railway Catering And Tourism Corporation Limited
IRFC,Indian Railway Finance Corporation Limited
IRISDOREME,Iris Clothings Limited
ISEC,ICICI Securities Limited
ISFT,Intrasoft Technologies Limited
ISGEC,Isgec Heavy Engineering Limited
ITC,ITC Limited
ITDC,India Tourism Development Corporation Limited
ITDCEM,ITD Cementation India Limited
ITI,ITI Limited
J&KBANK,The Jammu & Kashmir Bank Limited
JAGRAN,Jagran Prakashan Limited
JAGSNPHARM,Jagsonpal Pharmaceuticals Limited
JAICORPLTD,Jai Corp Limited
JAMNAAUTO,Jamna Auto Industries Limited
JASH,Jash Engineering Limited
JAYAGROGN,Jayant Agro Organics Limited
JAYBARMARU,Jay Bharat Maruti Limited
JAYNECOIND,Jayaswal Neco Industries Limited
JAYSREETEA,Jayshree Tea & Industries Limited
JBCHEPHARM,JB Chemicals & Pharmaceuticals Limited
JCHAC,Johnson Controls - Hitachi Air Conditioning India Limited
JINDALPHOT,Jindal Photo Limited
JINDALPOLY,Jindal Poly Films Limited
JINDALSAW,Jindal Saw Limited
JINDALSTEL,Jindal Steel & Power Limited
JINDRILL,Jindal Drilling And Industries Limited
JINDWORLD,Jindal Worldwide Limited
JIOFIN,Jio Financial Services Limited
JISLJALEQS,Jain Irrigation Systems Limited
JKCEMENT,JK Cement Limited
JKIL,J.Kumar Infraprojects Limited
JKLAKSHMI,JK Lakshmi Cement Limited
JKPAPER,JK Paper Limited
JKTYRE,JK Tyre & Industries Limited
JMFINANCIL,JM Financial Limited
JOCIL,Jocil Limited
JPOLYINVST,Jindal Poly Investment and Finance Company Limited
JSL,Jindal Stainless Limited
JSWENERGY,JSW Energy Limited
JSWHL,JSW Holdings Limited
JSWSTEEL,JSW Steel Limited
JTEKTINDIA,Jtekt India Limited
JTLIND,JTL INDUSTRIES LIMITED
JUBLFOOD,Jubilant Foodworks Limited
JUBLINDS,Jubilant Industries Limited
JUBLINGREA,Jubilant Ingrevia Limited
JUBLPHARMA,Jubilant Pharmova Limited
JUSTDIAL,Just Dial Limited
JWL,Jupiter Wagons Limited
JYOTHYLAB,Jyothy Labs Limited
KABRAEXTRU,Kabra Extrusion Technik Limited
KAJARIACER,Kajaria Ceramics Limited
KAKATCEM,Kakatiya Cement Sugar & Industries Limited
KALYANKJIL,Kalyan Jewellers India Limited
KAMATHOTEL,Kamat Hotels (I) Limited
KAMDHENU,Kamdhenu Limited
KANORICHEM,Kanoria Chemicals & Industries Limited
KANPRPLA,Kanpur Plastipack Limited
KANSAINER,Kansai Nerolac Paints Limited
KARURVYSYA,Karur Vysya Bank Limited
KAYNES,Kaynes Technology India Limited
KCP,KCP Limited
KDDL,KDDL Limited
KEC,KEC International Limited
KECL,Kirloskar Electric Company Limited
KEI,KEI Industries Limited
KELLTONTEC,Kellton Tech Solutions Limited
KFINTECH,Kfin Technologies Limited
KHAICHEM,Khaitan Chemicals & Fertilizers Limited
KIMS,Krishna Institute of Medical Sciences Limited
KINGFA,Kingfa Science & Technology (India) Limited
KIOCL,KIOCL Limited
KIRIINDUS,Kiri Industries Limited
KIRLOSBROS,Kirloskar Brothers Limited
KIRLOSENG,Kirloskar Oil Engines Limited
KIRLOSIND,Kirloskar Industries Limited
KIRLPNU,Kirloskar Pneumatic Company Limited
KITEX,Kitex Garments Limited
KKCL,Kewal Kiran Clothing Limited
KNRCON,KNR Constructions Limited
KOLTEPATIL,Kolte - Patil Developers Limited
KOPRAN,Kopran Limited
KOTAKBANK,Kotak Mahindra Bank Limited
KOTHARIPET,Kothari Petrochemicals Limited
KOTHARIPRO,Kothari Products Limited
KPIL,Kalpataru Projects International Limited
KPITTECH,KPIT Technologies Limited
KPRMILL,K.P.R. Mill Limited
KRBL,KRBL Limited
KRISHANA,Krishana Phoschem Limited
KRITI,Kriti Industries (India) Limited
KRSNAA,Krsnaa Diagnostics Limited
KSB,Ksb Limited
KSCL,Kaveri Seed Company Limited
KSL,Kalyani Steels Limited
KTKBANK,The Karnataka Bank Limited
KUANTUM,Kuantum Papers Limited
LALPATHLAB,Dr. Lal Path Labs Ltd.
LAMBODHARA,Lambodhara Textiles Limited
LANDMARK,Landmark Cars Limited
LAOPALA,La Opala RG Limited
LAURUSLABS,Laurus Labs Limited
LAXMICOT,Laxmi Cotspin Limited
LAXMIMACH,Lakshmi Machine Works Limited
LEMONTREE,Lemon Tree Hotels Limited
LGBBROSLTD,LG Balakrishnan & Bros Limited
LIBAS,Libas Consumer Products Limited
LICHSGFIN,LIC Housing Finance Limited
LICI,Life Insurance Corporation Of India
LIKHITHA,Likhitha Infrastructure Limited
LINC,Linc Limited
LINCOLN,Lincoln Pharmaceuticals Limited
LINDEINDIA,Linde India Limited
LLOYDSME,Lloyds Metals And Energy Limited
LODHA,Macrotech Developers Limited
LOVABLE,Lovable Lingerie Limited
LOYALTEX,Loyal Textile Mills Limited
LT,Larsen & Toubro Limited
LTF,L&T Finance Limited
LTFOODS,LT Foods Limited
LTIM,LTIMindtree Limited
LTTS,L&T Technology Services Limited
LUMAXIND,Lumax Industries Limited
LUMAXTECH,Lumax Auto Technologies Limited
LUPIN,Lupin Limited
LUXIND,Lux Industries Limited
LXCHEM,Laxmi Organic Industries Limited
M&M,Mahindra & Mahindra Limited
M&MFIN,Mahindra & Mahindra Financial Services Limited
MADRASFERT,Madras Fertilizers Limited
MAGADSUGAR,Magadh Sugar & Energy Limited
MAHABANK,Bank of Maharashtra
MAHLIFE,Mahindra Lifespace Developers Limited
MAHLOG,Mahindra Logistics Limited
MAHSCOOTER,Maharashtra Scooters Limited
MAHSEAMLES,Maharashtra Seamless Limited
MAITHANALL,Maithan Alloys Limited
MALLCOM,Mallcom (India) Limited
MANAKSIA,Manaksia Limited
MANALIPETC,Manali Petrochemicals Limited
MANAPPURAM,Manappuram Finance Limited
MANGALAM,Mangalam Drugs And Organics Limited
MANGCHEFER,Mangalore Chemicals & Fertilizers Limited
MANGLMCEM,Mangalam Cement Limited
MANINFRA,Man Infraconstruction Limited
MANKIND,Mankind Pharma Limited
MANYAVAR,Vedant Fashions Limited
MAPMYINDIA,C.E. Info Systems Limited
MARALOVER,Maral Overseas Limited
MARATHON,Marathon Nextgen Realty Limited
MARICO,Marico Limited
MARKSANS,Marksans Pharma Limited
MARUTI,Maruti Suzuki India Limited
MASFIN,MAS Financial Services Limited
MASTEK,Mastek Limited
MATRIMONY,Matrimony.Com Limited
MAWANASUG,Mawana Sugars Limited
MAXHEALTH,Max Healthcare Institute Limited
MAYURUNIQ,Mayur Uniquoters Ltd
MAZDA,Mazda Limited
MAZDOCK,Mazagon Dock Shipbuilders Limited
MBAPL,Madhya Bharat Agro Products Limited
MCX,Multi Commodity Exchange of India Limited
MEDANTA,Global Health Limited
MEDICAMEQ,Medicamen Biotech Limited
MEDPLUS,Medplus Health Services Limited
MENONBE,Menon Bearings Limited
METROBRAND,Metro Brands Limited
METROPOLIS,Metropolis Healthcare Limited
MFSL,Max Financial Services Limited
MGL,Mahanagar Gas Limited
MHRIL,Mahindra Holidays & Resorts India Limited
MIDHANI,Mishra Dhatu Nigam Limited
MINDACORP,Minda Corporation Limited
MMFL,MM Forgings Limited
MMTC,MMTC Limited
MOIL,MOIL Limited
MOL,Meghmani Organics Limited
MOLDTECH,Mold-Tek Technologies Limited
MOLDTKPAC,Mold-Tek Packaging Limited
MONARCH,Monarch Networth Capital Limited
MONTECARLO,Monte Carlo Fashions Limited
MOREPENLAB,Morepen Laboratories Limited
MOTHERSON,Samvardhana Motherson International Limited
MOTILALOFS,Motilal Oswal Financial Services Limited
MPHASIS,MphasiS Limited
MPSLTD,MPS Limited
MRF,MRF Limited
MRPL,Mangalore Refinery and Petrochemicals Limited
MSTCLTD,Mstc Limited
MSUMI,Motherson Sumi Wiring India Limited
MTARTECH,Mtar Technologies Limited
MTNL,Mahanagar Telephone Nigam Limited
MUKANDLTD,Mukand Limited
MUNJALAU,Munjal Auto Industries Limited
MUNJALSHOW,Munjal Showa Limited
MUTHOOTCAP,Muthoot Capital Services Limited
MUTHOOTFIN,Muthoot Finance Limited
NACLIND,NACL Industries Limited
NAGAFERT,Nagarjuna Fertilizers and Chemicals Limited
NAHARCAP,Nahar Capital and Financial Services Limited
NAHARINDUS,Nahar Industrial Enterprises Limited
NAHARPOLY,Nahar Poly Films Limited
NAHARSPING,Nahar Spinning Mills Limited
NAM-INDIA,Nippon Life India Asset Management Limited
NATCOPHARM,Natco Pharma Limited
NATIONALUM,National Aluminium Company Limited
NAUKRI,Info Edge (India) Limited
NAVA,NAVA LIMITED
NAVINFLUOR,Navin Fluorine International Limited
NAVKARCORP,Navkar Corporation Limited
NAVNETEDUL,Navneet Education Limited
NAZARA,Nazara Technologies Limited
NBCC,NBCC (India) Limited
NCC,NCC Limited
NCLIND,NCL Industries Limited
NDTV,New Delhi Television Limited
NECLIFE,Nectar Lifesciences Limited
NELCAST,Nelcast Limited
NELCO,NELCO Limited
NEOGEN,Neogen Chemicals Limited
NESCO,Nesco Limited
NESTLEIND,Nestle India Limited
NETWEB,Netweb Technologies India Limited
NEULANDLAB,Neuland Laboratories Limited
NFL,National Fertilizers Limited
NGLFINE,NGL Fine-Chem Limited
NH,Narayana Hrudayalaya Ltd.
NHPC,NHPC Limited
NIACL,The New India Assurance Company Limited
NIITLTD,NIIT Limited
NIITMTS,NIIT Learning Systems Limited
NILKAMAL,Nilkamal Limited
NITINSPIN,Nitin Spinners Limited
NLCINDIA,NLC India Limited
NMDC,NMDC Limited
NOCIL,NOCIL Limited
NRAIL,N R Agarwal Industries Limited
NRBBEARING,NRB Bearing Limited
NRL,Nupur Recyclers Limited
NSIL,Nalwa Sons Investments Limited
NSLNISP,NMDC Steel Limited
NTPC,NTPC Limited
NURECA,Nureca Limited
NUVOCO,Nuvoco Vistas Corporation Limited
NYKAA,FSN E-Commerce Ventures Limited
OAL,Oriental Aromatics Limited
OBCL,Orissa Bengal Carrier Limited
OBEROIRLTY,Oberoi Realty Limited
OFSS,Oracle Financial Services Software Limited
OIL,Oil India Limited
OLECTRA,Olectra Greentech Limited
ONGC,Oil & Natural Gas Corporation Limited
ONMOBILE,OnMobile Global Limited
ONWARDTEC,Onward Technologies Limited
OPTIEMUS,Optiemus Infracom Limited
ORIENTBELL,Orient Bell Limited
ORIENTCEM,Orient Cement Limited
ORIENTELEC,Orient Electric Limited
ORIENTHOT,Oriental Hotels Limited
ORIENTPPR,Orient Paper & Industries Limited
ORISSAMINE,The Orissa Minerals Development Company Limited
OSWALAGRO,Oswal Agro Mills Limited
OSWALGREEN,Oswal Greentech Limited
PAGEIND,Page Industries Limited
PAISALO,Paisalo Digital Limited
PAKKA,PAKKA LIMITED
PANACEABIO,Panacea Biotec Limited
PANAMAPET,Panama Petrochem Limited
PARADEEP,Paradeep Phosphates Limited
PARAGMILK,Parag Milk Foods Limited
PASUPTAC,Pasupati Acrylon Limited
PATELENG,Patel Engineering Limited
PAYTM,One 97 Communications Limited
PCBL,PCBL LIMITED
PCJEWELLER,PC Jeweller Limited
PDMJEPAPER,Pudumjee Paper Products Limited
PDSL,PDS Limited
PEL,Piramal Enterprises Limited
PENIND,Pennar Industries Limited
PENINLAND,Peninsula Land Limited
PERSISTENT,Persistent Systems Limited
PETRONET,Petronet LNG Limited
PFC,Power Finance Corporation Limited
PFIZER,Pfizer Limited
PGEL,PG Electroplast Limited
PGHH,Procter & Gamble Hygiene and Health Care Limited
PGHL,Procter & Gamble Health Limited
PHOENIXLTD,The Phoenix Mills Limited
PIDILITIND,Pidilite Industries Limited
PIIND,PI Industries Limited
PILANIINVS,Pilani Investment and Industries Corporation Limited
PITTIENG,Pitti Engineering Limited
PIXTRANS,Pix Transmissions Limited
PLASTIBLEN,Plastiblends India Limited
PNB,Punjab National Bank
PNBGILTS,PNB Gilts Limited
PNBHOUSING,PNB Housing Finance Limited
PNC,Pritish Nandy Communications Limited
PNCINFRA,PNC Infratech Limited
POCL,Pondy Oxides & Chemicals Limited
PODDARMENT,Poddar Pigments Limited
POKARNA,Pokarna Limited
POLICYBZR,PB Fintech Limited
POLYCAB,Polycab India Limited
POLYMED,Poly Medicure Limited
POLYPLEX,Polyplex Corporation Limited
PONNIERODE,Ponni Sugars (Erode) Limited
POONAWALLA,Poonawalla Fincorp Limited
POWERGRID,Power Grid Corporation of India Limited
POWERINDIA,Hitachi Energy India Limited
POWERMECH,Power Mech Projects Limited
PPAP,PPAP Automotive Limited
PPL,Prakash Pipes Limited
PPLPHARMA,Piramal Pharma Limited
PRAJIND,Praj Industries Limited
PRECAM,Precision Camshafts Limited
PRECWIRE,Precision Wires India Limited
PRESTIGE,Prestige Estates Projects Limited
PRICOLLTD,Pricol Limited
PRIMESECU,Prime Securities Limited
PRINCEPIPE,Prince Pipes And Fittings Limited
PRIVISCL,Privi Speciality Chemicals Limited
PROZONER,Prozone Realty Limited
PRSMJOHNSN,Prism Johnson Limited
PRUDENT,Prudent Corporate Advisory Services Limited
PSB,Punjab & Sind Bank
PSPPROJECT,PSP Projects Limited
PTC,PTC India Limited
PTL,PTL Enterprises Limited
PUNJABCHEM,Punjab Chemicals & Crop Protection Limited
PVRINOX,PVR INOX Limited
PYRAMID,Pyramid Technoplast Limited
QUESS,Quess Corp Limited
QUICKHEAL,Quick Heal Technologies Limited
RACE,Race Eco Chain Limited
RADHIKAJWE,Radhika Jeweltech Limited
RADIANTCMS,Radiant Cash Management Services Limited
RADICO,Radico Khaitan Limited
RADIOCITY,Music Broadcast Limited
RAILTEL,Railtel Corporation Of India Limited
RAIN,Rain Industries Limited
RAINBOW,Rainbow Childrens Medicare Limited
RAJESHEXPO,Rajesh Exports Limited
RAJRATAN,Rajratan Global Wire Limited
RALLIS,Rallis India Limited
RAMANEWS,Shree Rama Newsprint Limited
RAMAPHO,Rama Phosphates Limited
RAMASTEEL,Rama Steel Tubes Limited
RAMCOCEM,The Ramco Cements Limited
RAMCOIND,Ramco Industries Limited
RAMKY,Ramky Infrastructure Limited
RAMRAT,Ram Ratna Wires Limited
RANASUG,Rana Sugars Limited
RANEHOLDIN,Rane Holdings Limited
RATEGAIN,Rategain Travel Technologies Limited
RATNAMANI,Ratnamani Metals & Tubes Limited
RAYMOND,Raymond Limited
RBA,Restaurant Brands Asia Limited
RBL,Rane Brake Lining Limited
RBLBANK,RBL Bank Limited
RCF,Rashtriya Chemicals and Fertilizers Limited
RECLTD,REC Limited
REDINGTON,Redington Limited
REDTAPE,Redtape Limited
REFEX,Refex Industries Limited
RELAXO,Relaxo Footwears Limited
RELIANCE,Reliance Industries Limited
RELIGARE,Religare Enterprises Limited
RENUKA,Shree Renuka Sugars Limited
REPCOHOME,Repco Home Finance Limited
REPL,Rudrabhishek Enterprises Limited
REPRO,Repro India Limited
RESPONIND,Responsive Industries Limited
RGL,Renaissance Global Limited
RHIM,RHI MAGNESITA INDIA LIMITED
RICOAUTO,Rico Auto Industries Limited
RIIL,Reliance Industrial Infrastructure Limited
RISHABH,Rishabh Instruments Limited
RITES,RITES Limited
RKFORGE,Ramkrishna Forgings Limited
RML,Rane (Madras) Limited
ROHLTD,Royal Orchid Hotels Limited
ROLEXRINGS,Rolex Rings Limited
ROSSARI,Rossari Biotech Limited
ROSSELLIND,Rossell India Limited
ROTO,Roto Pumps Limited
ROUTE,ROUTE MOBILE LIMITED
RPGLIFE,RPG Life Sciences Limited
RPSGVENT,RPSG VENTURES LIMITED
RSWM,RSWM Limited
RSYSTEMS,R Systems International Limited
RTNINDIA,RattanIndia Enterprises Limited
RUBYMILLS,The Ruby Mills Limited
RUCHIRA,Ruchira Papers Limited
RUPA,Rupa & Company Limited
RUSHIL,Rushil Decor Limited
RUSTOMJEE,Keystone Realtors Limited
RVNL,Rail Vikas Nigam Limited
SADHNANIQ,Sadhana Nitrochem Limited
SAFARI,Safari Industries (India) Limited
SAGCEM,Sagar Cements Limited
SAH,Sah Polymers Limited
SAHYADRI,Sahyadri Industries Limited
SAIL,Steel Authority of India Limited
SAKAR,Sakar Healthcare Limited
SAKHTISUG,Sakthi Sugars Limited
SALASAR,Salasar Techno Engineering Limited
SALONA,Salona Cotspin Limited
SALZERELEC,Salzer Electronics Limited
SAMMAANCAP,Sammaan Capital Limited
SANDESH,The Sandesh Limited
SANDHAR,Sandhar Technologies Limited
SANDUMA,Sandur Manganese & Iron Ores Limited
SANGAMIND,Sangam (India) Limited
SANOFI,Sanofi India Limited
SANSERA,Sansera Engineering Limited
SAPPHIRE,Sapphire Foods India Limited
SARDAEN,Sarda Energy & Minerals Limited
SAREGAMA,Saregama India Limited
SARLAPOLY,Sarla Performance Fibers Limited
SASKEN,Sasken Technologies Limited
SASTASUNDR,Sastasundar Ventures Limited
SATIA,Satia Industries Limited
SATIN,Satin Creditcare Network Limited
SATINDLTD,Sat Industries Limited
SBCL,Shivalik Bimetal Controls Limited
SBFC,SBFC Finance Limited
SBGLP,Suratwwala Business Group Limited
SBICARD,SBI Cards and Payment Services Limited
SBILIFE,SBI Life Insurance Company Limited
SBIN,State Bank of India
SCHAEFFLER,Schaeffler India Limited
SCHAND,S Chand And Company Limited
SCI,Shipping Corporation Of India Limited
SDBL,Som Distilleries & Breweries Limited
SELAN,Selan Exploration Technology Limited
SENCO,Senco Gold Limited
SEPC,SEPC Limited
SEQUENT,Sequent Scientific Limited
SESHAPAPER,Seshasayee Paper and Boards Limited
SFL,Sheela Foam Limited
SHAILY,Shaily Engineering Plastics Limited
SHALBY,Shalby Limited
SHALPAINTS,Shalimar Paints Limited
SHANKARA,Shankara Building Products Limited
SHANTIGEAR,Shanthi Gears Limited
SHARDACROP,Sharda Cropchem Limited
SHARDAMOTR,Sharda Motor Industries Limited
SHAREINDIA,Share India Securities Limited
SHILPAMED,Shilpa Medicare Limited
SHIVALIK,Shivalik Rasayan Limited
SHIVAMILLS,Shiva Mills Limited
SHK,S H Kelkar and Company Limited
SHOPERSTOP,Shoppers Stop Limited
SHREDIGCEM,Shree Digvijay Cement Co.Ltd
SHREECEM,SHREE CEMENT LIMITED
SHREEPUSHK,Shree Pushkar Chemicals & Fertilisers Limited
SHREYAS,Shreyas Shipping & Logistics Limited
SHRIRAMFIN,Shriram Finance Limited
SHRIRAMPPS,Shriram Properties Limited
SHYAMMETL,Shyam Metalics and Energy Limited
SIEMENS,Siemens Limited
SIGACHI,Sigachi Industries Limited
SIGMA,Sigma Solve Limited
SILINV,SIL Investments Limited
SILVERTUC,Silver Touch Technologies Limited
SINTERCOM,Sintercom India Limited
SIRCA,Sirca Paints India Limited
SIS,SIS LIMITED
SIYSIL,Siyaram Silk Mills Limited
SJS,S.J.S. Enterprises Limited
SJVN,SJVN Limited
SKFINDIA,SKF India Limited
SKIPPER,Skipper Limited
SKMEGGPROD,SKM Egg Products Export (India) Limited
SMCGLOBAL,SMC Global Securities Limited
SMLISUZU,SML Isuzu Limited
SMSLIFE,SMS Lifesciences India Limited
SMSPHARMA,SMS Pharmaceuticals Limited
SNOWMAN,Snowman Logistics Limited
SOBHA,Sobha Limited
SOLARINDS,Solar Industries India Limited
SOMANYCERA,Somany Ceramics Limited
SONACOMS,Sona BLW Precision Forgings Limited
SONATSOFTW,Sonata Software Limited
SOTL,Savita Oil Technologies Limited
SOUTHBANK,The South Indian Bank Limited
SPAL,S. P. Apparels Limited
SPANDANA,Spandana Sphoorty Financial Limited
SPCENET,Spacenet Enterprises India Limited
SPECIALITY,Speciality Restaurants Limited
SPENCERS,Spencer's Retail Limited
SPIC,Southern Petrochemicals Industries Corporation  Limited
SPLIL,SPL Industries Limited
SPLPETRO,Supreme Petrochem Limited
SPORTKING,Sportking India Limited
SREEL,Sreeleathers Limited
SRF,SRF Limited
SRGHFL,SRG Housing Finance Limited
SRHHYPOLTD,Sree Rayalaseema Hi-Strength Hypo Limited
SSWL,Steel Strips Wheels Limited
STAR,Strides Pharma Science Limited
STARCEMENT,Star Cement Limited
STARHEALTH,Star Health and Allied Insurance Company Limited
STARPAPER,Star Paper Mills Limited
STCINDIA,The State Trading Corporation of India Limited
STEELCAS,Steelcast Limited
STEELCITY,Steel City Securities Limited
STEELXIND,STEEL EXCHANGE INDIA LIMITED
STERTOOLS,Sterling Tools Limited
STLTECH,Sterlite Technologies Limited
STOVEKRAFT,Stove Kraft Limited
STYLAMIND,Stylam Industries Limited
STYRENIX,Styrenix Performance Materials Limited
SUBEXLTD,Subex Limited
SUBROS,Subros Limited
SUDARSCHEM,Sudarshan Chemical Industries Limited
SUKHJITS,Sukhjit Starch & Chemicals Limited
SULA,Sula Vineyards Limited
SUMICHEM,Sumitomo Chemical India Limited
SUMMITSEC,Summit Securities Limited
SUNDARMFIN,Sundaram Finance Limited
SUNDARMHLD,Sundaram Finance Holdings Limited
SUNDRMFAST,Sundram Fasteners Limited
SUNFLAG,Sunflag Iron And Steel Company Limited
SUNPHARMA,Sun Pharmaceutical Industries Limited
SUNTECK,Sunteck Realty Limited
SUNTV,Sun TV Network Limited
SUPERHOUSE,Superhouse Limited
SUPRAJIT,Suprajit Engineering Limited
SUPREMEIND,Supreme Industries Limited
SUPRIYA,Supriya Lifescience Limited
SURYALAXMI,Suryalakshmi Cotton Mills Limited
SURYAROSNI,Surya Roshni Limited
SURYODAY,Suryoday Small Finance Bank Limited
SUTLEJTEX,Sutlej Textiles and Industries Limited
SUVENPHAR,Suven Pharmaceuticals Limited
SWANENERGY,Swan Energy Limited
SWARAJENG,Swaraj Engines Limited
SWELECTES,Swelect Energy Systems Limited
SYMPHONY,Symphony Limited
SYNGENE,Syngene International Limited
SYRMA,Syrma SGS Technology Limited
TAJGVK,Taj GVK Hotels & Resorts Limited
TANLA,Tanla Platforms Limited
TARSONS,Tarsons Products Limited
TASTYBITE,Tasty Bite Eatables Limited
TATACHEM,Tata Chemicals Limited
TATACOMM,Tata Communications Limited
TATACONSUM,TATA CONSUMER PRODUCTS LIMITED
TATAELXSI,Tata Elxsi Limited
TATAMOTORS,Tata Motors Limited
TATAMTRDVR,Tata Motors Limited
TATAPOWER,Tata Power Company Limited
TATASTEEL,Tata Steel Limited
TATVA,Tatva Chintan Pharma Chem Limited
TBZ,Tribhovandas Bhimji Zaveri Limited
TCI,Transport Corporation of India Limited
TCIEXP,TCI Express Limited
TCNSBRANDS,TCNS Clothing Co. Limited
TCPLPACK,TCPL Packaging Limited
TCS,Tata Consultancy Services Limited
TDPOWERSYS,TD Power Systems Limited
TEAMLEASE,Teamlease Services Limited
TECHM,Tech Mahindra Limited
TEGA,Tega Industries Limited
TEJASNET,Tejas Networks Limited
TEMBO,Tembo Global Industries Limited
TEXINFRA,Texmaco Infrastructure & Holdings Limited
TEXRAIL,Texmaco Rail & Engineering Limited
TFCILTD,Tourism Finance Corporation of India Limited
THANGAMAYL,Thangamayil Jewellery Limited
THEMISMED,Themis Medicare Limited
THERMAX,Thermax Limited
THYROCARE,Thyrocare Technologies Limited
TI,Tilaknagar Industries Limited
TIDEWATER,Tide Water Oil Company (India) Limited
TIIL,Technocraft Industries (India) Limited
TIINDIA,Tube Investments of India Limited
TIMETECHNO,Time Technoplast Limited
TIMKEN,Timken India Limited
TIPSINDLTD,TIPS Industries Limited
TIRUMALCHM,Thirumalai Chemicals Limited
TITAGARH,TITAGARH RAIL SYSTEMS LIMITED
TITAN,Titan Company Limited
TMB,Tamilnad Mercantile Bank Limited
TNPETRO,Tamilnadu PetroProducts Limited
TNPL,Tamil Nadu Newsprint & Papers Limited
TOKYOPLAST,Tokyo Plast International Limited
TORNTPHARM,Torrent Pharmaceuticals Limited
TORNTPOWER,Torrent Power Limited
TRACXN,Tracxn Technologies Limited
TREL,Transindia Real Estate Limited
TRENT,Trent Limited
TRIDENT,Trident Limited
TRITURBINE,Triveni Turbine Limited
TRIVENI,Triveni Engineering & Industries Limited
TRU,TruCap Finance Limited
TTKHLTCARE,TTK Healthcare Limited
TTKPRESTIG,TTK Prestige Limited
TTL,T T Limited
TTML,Tata Teleservices (Maharashtra) Limited
TVSELECT,TVS Electronics Limited
TVSHLTD,TVS Holdings Limited
TVSMOTOR,TVS Motor Company Limited
TVSSCS,TVS Supply Chain Solutions Limited
TVSSRICHAK,TVS Srichakra Limited
TVTODAY,TV Today Network Limited
UBL,United Breweries Limited
UCOBANK,UCO Bank
UFLEX,UFLEX Limited
UGARSUGAR,The Ugar Sugar Works Limited
UGROCAP,Ugro Capital Limited
UJJIVANSFB,Ujjivan Small Finance Bank Limited
ULTRACEMCO,UltraTech Cement Limited
UNICHEMLAB,Unichem Laboratories Limited
UNIDT,United Drilling Tools Limited
UNIENTER,Uniphos Enterprises Limited
UNIONBANK,Union Bank of India
UNIPARTS,Uniparts India Limited
UNITDSPR,United Spirits Limited
UNITEDTEA,The United Nilgiri Tea Estates Company Limited
UNIVCABLES,Universal Cables Limited
UNIVPHOTO,Universus Photo Imagings Limited
UNOMINDA,UNO Minda Limited
UPL,UPL Limited
USHAMART,Usha Martin Limited
UTIAMC,UTI Asset Management Company Limited
UTKARSHBNK,Utkarsh Small Finance Bank Limited
UTTAMSUGAR,Uttam Sugar Mills Limited
VADILALIND,Vadilal Industries Limited
VAIBHAVGBL,Vaibhav Global Limited
VAISHALI,Vaishali Pharma Limited
VAKRANGEE,Vakrangee Limited
VALIANTORG,Valiant Organics Limited
VARDHACRLC,Vardhman Acrylics Limited
VARROC,Varroc Engineering Limited
VASCONEQ,Vascon Engineers Limited
VBL,Varun Beverages Limited
VEDL,Vedanta Limited
VENKEYS,Venky's (India) Limited
VENUSPIPES,Venus Pipes & Tubes Limited
VESUVIUS,Vesuvius India Limited
VETO,Veto Switchgears And Cables Limited
VGUARD,V-Guard Industries Limited
VHL,Vardhman Holdings Limited
VIDHIING,Vidhi Specialty Food Ingredients Limited
VIJAYA,Vijaya Diagnostic Centre Limited
VIMTALABS,Vimta Labs Limited
VINATIORGA,Vinati Organics Limited
VINDHYATEL,Vindhya Telelinks Limited
VINYLINDIA,Vinyl Chemicals (India) Limited
VIPIND,VIP Industries Limited
VISAKAIND,Visaka Industries Limited
VISHNU,Vishnu Chemicals Limited
VISHWARAJ,Vishwaraj Sugar Industries Limited
VLSFINANCE,VLS Finance Limited
VMART,V-Mart Retail Limited
VOLTAMP,Voltamp Transformers Limited
VOLTAS,Voltas Limited
VPRPL,Vishnu Prakash R Punglia Limited
VRLLOG,VRL Logistics Limited
VSSL,Vardhman Special Steels Limited
VSTIND,VST Industries Limited
VSTTILLERS,V.S.T Tillers Tractors Limited
VTL,Vardhman Textiles Limited
WABAG,VA Tech Wabag Limited
WELCORP,Welspun Corp Limited
WELENT,Welspun Enterprises Limited
WELSPUNLIV,Welspun Living Limited
WENDT,Wendt (India) Limited
WESTLIFE,WESTLIFE FOODWORLD LIMITED
WHEELS,Wheels India Limited
WHIRLPOOL,Whirlpool of India Limited
WINDLAS,Windlas Biotech Limited
WIPRO,Wipro Limited
WONDERLA,Wonderla Holidays Limited
WORTH,Worth Peripherals Limited
WSTCSTPAPR,West Coast Paper Mills Limited
XCHANGING,Xchanging Solutions Limited
XPROINDIA,Xpro India Limited
YASHO,Yasho Industries Limited
YATHARTH,Yatharth Hospital & Trauma Care Services Limited
YESBANK,Yes Bank Limited
YUKEN,Yuken India Limited
ZEEL,Zee Entertainment Enterprises Limited
ZEEMEDIA,Zee Media Corporation Limited
ZENSARTECH,Zensar Technologies Limited
ZFCVINDIA,ZF Commercial Vehicle Control Systems India Limited
ZIMLAB,Zim Laboratories Limited
ZOMATO,Zomato Limited
ZOTA,Zota Health Care LImited
ZUARI,Zuari Agro Chemicals Limited
ZUARIIND,ZUARI INDUSTRIES LIMITED
ZYDUSLIFE,Zydus Lifesciences Limited
ZYDUSWELL,Zydus Wellness Limited
